AUTAUGA,AL,1000
BALDWIN,AL,1010
BARBOUR,AL,1020
BIBB,AL,1030
BLOUNT,AL,1040
BULLOCK,AL,1050
BUTLER,AL,1060
CALHOUN,AL,1070
CHAMBERS,AL,1080
CHEROKEE,AL,1090
CHILTON,AL,1100
CHOCTAW,ALQ,1110
CLARKE,AL,1120
CLAY,AL,1130
CLEBURNE,AL,1140
COFFEE,AL,1150
COLBERT,AL,1160
CONECUH,AL,1170
COOSA,AL,1180
COVINGTON,AL,1190
CRENSHAW,AL,1200
CULLMAN,AL,1210
DALE,AL,1220
DALLAS,AL,1230
DE KALB,AL,1240
ELMORE,AL,1250
ESCAMBIA,AL,1260
ETOWAH,AL,1270
FAYETTE,AL,1280
FRANKLIN,AL,1290
GENEVA,AL,1300
GREENE,AL,1310
HALE,AL,1320
HENRY,AL,1330
HOUSTON,AL,1340
JACKSON,ALQ,1350
JEFFERSON,AL,1360
LAMAR,AL,1370
LAUDERDALE,AL,1380
LAWRENCE,ALQ,1390
LEE,AL,1400
LIMESTONE,ALQ,1410
LOWNDES,AL,1420
MACON,AL,1430
MADISON,AL,1440
MARENGO,AL,1450
MARION,AL,1460
MARSHALL,AL,1470
MOBILE,AL,1480
MONROE,AL,1490
MONTGOMERY,AL,1500
MORGAN,ALQ,1510
PERRY,AL,1520
PICKENS,AL,1530
PIKE,AL,1540
RANDOLPH,AL,1550
RUSSELL,AL,1560
ST. CLAIR,AL,1570
SHELBY,AL,1580
SUMTER,AL,1590
TALLADEGA,AL,1600
TALLAPOOSA,AL,1610
TUSCALOOSA,AL,1620
WALKER,AL,1630
WASHINGTON,ALQ,1640
WILCOX,ALQ,1650
WINSTON,AL,1660
STATEWIDE,AL,1999
ALEUTIANS EAST,AK,2013
ALEUTIANS WEST,AK,2016
ANCHORAGE,AKQ,2020
ANGOON,AK,2030
BARROW-NORTH SLOPE,AK,2040
BETHEL,AK,2050
BRISTOL BAY BOROUGH,AK,2060
DENALI,AK,2068
DILLINGHAM,AK,2070
CORDOVA-MCCARTHY,AK,2080
FAIRBANKS NORTH STAR,AKQ,2090
HAINES,AK,2100
JUNEAU,AK,2110
KENAI-COOK INLET,AK,2120
KENAI PENINSULA,AKQ,2122
KETCHIKAN GATEWAY,AK,2130
KOBUK,AK,2140
KODIAK ISLAND BOROUGH,AK,2150
KSUKOKWIN,AK,2160
LAKE AND PENINSULA,AK,2164
MATANUSKA-SUSITNA,AK,2170
NOME,AK,2180
NORTH SLOPE BOROUH,AK,2185
NORTHWEST ARTIC BOROUGH,AK,2188
OUTER KETCHIKAN,AK,2190
PR.OF WALES,AK,2200
PR.OF WALES-OUT.KETCHIKAN,AK,2201
SEWARD,AK,2210
SITKA BOROUGH,AK,2220
SKAGWAY-YAKUTAT,AK,2230
SKAGWAY-YAKUTAT-ANGOON,AK,2231
SKAGWAY-HOONAH-ANGOON,AK,2232
SOUTHEAST FAIRBANKS,AK,2240
UPPER YUKON,AK,2250
VALDEZ-CHITNA-WHITTIER,AK,2260
VALDEZ-CORDOVA,AKQ,2261
WADE HAMPTON,AK,2270
WRANGELL-PETERSBURG,AK,2280
YAKUTAT BOROUGH,AK,2282
YUKON-KOYUKUK,AKQ,2290
STATEWIDE,AK,2999
APACHE,AZ,3000
COCHISE,AZ,3010
COCONINO,AZ,3020
GILA,AZQ,3030
GRAHAM,AZ,3040
GREENLEE,AZQ,3050
LAPAZ,AZ,3055
MARICOPA,AZ,3060
MOHAVE,AZ,3070
NAVAJO,AZ,3080
PIMA,AZ,3090
PINAL,AZQ,3100
SANTA CRUZ,AZ,3110
YAVAPAI,AZ,3120
YUMA,AZ,3130
STATEWIDE,AZ,3999
ARKANSAS,ARQ,4000
ASHLEY,ARQ,4010
BAXTER,AR,4020
BENTON,AR,4030
BOONE,AR,4040
BRADLEY,AR,4050
CALHOUN,ARQ,4060
CARROLL,AR,4070
CHICOT,AR,4080
CLARK,ARQ,4090
CLAY,AR,4100
CLEBURNE,AR,4110
CLEVELAND,AR,4120
COLUMBIA,ARQ,4130
CONWAY,AR,4140
CRAIGHEAD,AR,4150
CRAWFORD,AR,4160
CRITTENDEN,AR,4170
CROSS,AR,4180
DALLAS,AR,4190
DESHA,AR,4200
DREW,AR,4210
FAULKNER,AR,4220
FRANKLIN,AR,4230
FULTON,AR,4240
GARLAND,AR,4250
GRANT,AR,4260
GREENE,AR,4270
HEMPSTEAD,AR,4280
HOT SPRING,ARQ,4290
HOWARD,AR,4300
INDEPENDENCE,ARQ,4310
IZARD,AR,4320
JACKSON,AR,4330
JEFFERSON,AR,4340
JOHNSON,AR,4350
LAFAYETTE,AR,4360
LAWRENCE,AR,4370
LEE,AR,4380
LINCOLN,AR,4390
LITTLE RIVER,ARQ,4400
LOGAN,AR,4410
LONOKE,AR,4420
MADISON,AR,4430
MARION,AR,4440
MILLER,AR,4450
MISSISSIPPI,AR,4460
MONROE,AR,4470
MONTGOMERY,AR,4480
NEVADA,AR,4490
NEWTON,AR,4500
OUACHITA,ARQ,4510
PERRY,AR,4520
PHILLIPS,AR,4530
PIKE,AR,4540
POINSETT,AR,4550
POLK,AR,4560
POPE,ARQ,4570
PRAIRIE,AR,4580
PULASKI,AR,4590
RANDOLPH,AR,4600
ST. FRANCIS,ARQ,4610
SALINE,AR,4620
SCOTT,AR,4630
SEARCY,AR,4640
SEBASTIAN,AR,4650
SEVIER,AR,4660
SHARP,AR,4670
STONE,AR,4680
UNION,ARQ,4690
VAN BUREN,AR,4700
WASHINGTON,AR,4710
WHITE,AR,4720
WOODRUFF,AR,4730
YELL,AR,4740
STATEWIDE,AR,4999
ALAMEDA,CA,5000
ALPINE,CA,5010
AMADOR,CAQ,5020
BUTTE,CA,5030
CALAVERAS,CAQ,5040
COLUSA,CAQ,5050
CONTRA COSTA,CA,5060
DEL NORTE,CAQ,5070
EL DORADO,CA,5080
FRESNO,CA,5090
GLENN,CAQ,5100
HUMBOLDT,CAQ,5110
IMPERIAL,CAQ,5120
INYO,CAQ,5130
KERN,CA,5140
KINGS,CAQ,5150
LAKE,CAQ,5160
LASSEN,CAQ,5170
LOS ANGELES,CA,5200
LOS ANGELES,CA,5210
MADERA,CA,5300
MARIN,CA,5310
MARIPOSA,CA,5320
MENDOCINO,CAQ,5330
MERCED,CAQ,5340
MODOC,CA,5350
MONO,CAQ,5360
MONTEREY,CA,5370
NAPA,CA,5380
NEVADA,CAQ,5390
ORANGE,CA,5400
PLACER,CA,5410
PLUMAS,CAQ,5420
RIVERSIDE,CA,5430
SACRAMENTO,CA,5440
SAN BENITO,CAQ,5450
SAN BERNARDINO,CA,5460
SAN DIEGO,CA,5470
SAN FRANCISCO,CA,5480
SAN JOAQUIN,CA,5490
SAN LUIS OBISPO,CAQ,5500
SAN MATEO,CA,5510
SANTA BARBARA,CA,5520
SANTA CLARA,CA,5530
SANTA CRUZ,CA,5540
SHASTA,CA,5550
SIERRA,CAQ,5560
SISKIYOU,CAQ,5570
SOLANO,CA,5580
SONOMA,CA,5590
STANISLAUS,CA,5600
SUTTER,CA,5610
TEHAMA,CAQ,5620
TRINITY,CAQ,5630
TULARE,CA,5640
TUOLUMNE,CAQ,5650
VENTURA,CA,5660
YOLO,CA,5670
YUBA,CA,5680
STATEWIDE,CA,5999
ADAMS,CO,6000
ALAMOSA,CO,6010
BROOMFIELD,CO,6630
ARAPAHOE,CO,6020
ARCHULETA,CO,6030
BACA,CO,6040
BENT,CO,6050
BOULDER,CO,6060
CHAFFEE,CO,6070
CHEYENNE,CO,6080
CLEAR CREEK,COQ,6090
CONEJOS,CO,6100
COSTILLA,CO,6110
CROWLEY,CO,6120
CUSTER,CO,6130
DELTA,CO,6140
DENVER,CO,6150
DOLORES,CO,6160
DOUGLAS,CO,6170
EAGLE,CO,6180
ELBERT,CO,6190
EL PASO,CO,6200
FREMONT,CO,6210
GARFIELD,COQ,6220
GILPIN,CO,6230
GRAND,CO,6240
GUNNISON,CO,6250
HINSDALE,CO,6260
HUERFANO,CO,6270
JACKSON,COQ,6280
JEFFERSON,CO,6290
KIOWA,CO,6300
KIT CARSON,CO,6310
LAKE,COQ,6320
LA PLATA,CO,6330
LARIMER,CO,6340
LAS ANIMAS,CO,6350
LINCOLN,CO,6360
LOGAN,CO,6370
MESA,COQ,6380
MINERAL,COQ,6390
MOFFAT,COQ,6400
MONTEZUMA,COQ,6410
MONTROSE,CO,6420
MORGAN,CO,6430
OTERO,CO,6440
OURAY,CO,6450
PARK,CO,6460
PHILLIPS,CO,6470
PITKIN,COQ,6480
PROWERS,CO,6490
PUEBLO,CO,6500
RIO BLANCO,CO,6510
RIO GRANDE,CO,6520
ROUTT,COQ,6530
SAGUACHE,CO,6540
SAN JUAN,COQ,6550
SAN MIGUEL,CO,6560
SEDGWICK,CO,6570
SUMMIT,CO,6580
TELLER,CO,6590
WASHINGTON,CO,6600
WELD,CO,6610
YUMA,CO,6620
STATEWIDE,CO,6999
FAIRFIELD,CT,7000
HARTFORD,CT,7010
LITCHFIELD,CT,7020
MIDDLESEX,CT,7030
NEW HAVEN,CT,7040
NEW LONDON,CT,7050
TOLLAND,CT,7060
WINDHAM,CT,7070
STATEWIDE,CT,7999
KENT,DE,8000
NEW CASTLE,DE,8010
SUSSEX,DE,8020
STATEWIDE,DE,8999
THE DISTRICT,DC,9000
ALACHUA,FL,10000
BAKER,FL,10010
BAY,FL,10020
BRADFORD,FL,10030
BREVARD,FL,10040
BROWARD,FL,10050
CALHOUN,FL,10060
CHARLOTTE,FLQ,10070
CITRUS,FLQ,10080
CLAY,FL,10090
COLLIER,FL,10100
COLUMBIA,FLQ,10110
DADE,FL,10120
DE SOTO,FL,10130
DIXIE,FL,10140
DUVAL,FL,10150
ESCAMBIA,FL,10160
FLAGLER,FLQ,10170
FRANKLIN,FL,10180
GADSDEN,FL,10190
GILCHRIST,FL,10200
GLADES,FL,10210
GULF,FLQ,10220
HAMILTON,FLQ,10230
HARDEE,FL,10240
HENDRY,FLQ,10250
HERNANDO,FL,10260
HIGHLANDS,FL,10270
HILLSBOROUGH,FL,10280
HOLMES,FL,10290
INDIAN RIVER,FLQ,10300
JACKSON,FL,10310
JEFFERSON,FL,10320
LAFAYETTE,FL,10330
LAKE,FL,10340
LEE,FL,10350
LEON,FL,10360
LEVY,FL,10370
LIBERTY,FL,10380
MADISON,FL,10390
MANATEE,FL,10400
MARION,FL,10410
MARTIN,FL,10420
MIAMI-DADE,FL,10120
MONROE,FL,10430
NASSAU,FL,10440
OKALOOSA,FL,10450
OKEECHOBEE,FL,10460
ORANGE,FL,10470
OSCEOLA,FL,10480
PALM BEACH,FL,10490
PASCO,FL,10500
PINELLAS,FL,10510
POLK,FL,10520
PUTNAM,FLQ,10530
ST. JOHNS,FL,10540
ST. LUCIE,FL,10550
SANTA ROSA,FL,10560
SARASOTA,FL,10570
SEMINOLE,FL,10580
SUMTER,FL,10590
SUWANNEE,FL,10600
TAYLOR,FLQ,10610
UNION,FL,10620
VOLUSIA,FL,10630
WAKULLA,FL,10640
WALTON,FL,10650
WASHINGTON,FL,10660
STATEWIDE,FL,10999
APPLING,GAQ,11000
ATKINSON,GA,11010
BACON,GA,11011
BAKER,GA,11020
BALDWIN,GAQ,11030
BANKS,GA,11040
BARROW,GA,11050
BARTOW,GAQ,11060
BEN HILL,GA,11070
BERRIEN,GA,11080
BIBB,GA,11090
BLECKLEY,GA,11100
BRANTLEY,GA,11110
BROOKS,GA,11120
BRYAN,GA,11130
BULLOCH,GA,11140
BURKE,GAQ,11150
BUTTS,GA,11160
CALHOUN,GA,11161
CAMDEN,GAQ,11170
CANDLER,GA,11180
CARROLL,GA,11190
CATOOSA,GA,11200
CHARLTON,GA,11210
CHATHAM,GA,11220
CHATTAHOOCHEE,GA,11230
CHATTOOGA,GA,11240
CHEROKEE,GA,11250
CLARKE,GA,11260
CLAY,GA,11270
CLAYTON,GA,11280
CLINCH,GA,11281
COBB,GA,11290
COFFEE,GA,11291
COLQUITT,GA,11300
COLUMBIA,GA,11310
COOK,GA,11311
COWETA,GA,11320
CRAWFORD,GA,11330
CRISP,GA,11340
DADE,GA,11341
DAWSON,GA,11350
DECATUR,GA,11360
DE KALB,GA,11370
DODGE,GA,11380
DOOLY,GA,11381
DOUGHERTY,GA,11390
DOUGLAS,GA,11400
EARLY,GAQ,11410
ECHOLS,GA,11420
EFFINGHAM,GA,11421
ELBERT,GA,11430
EMANUEL,GA,11440
EVANS,GA,11441
FANNIN,GA,11450
FAYETTE,GA,11451
FLOYD,GAQ,11460
FORSYTH,GA,11461
FRANKLIN,GA,11462
FULTON,GA,11470
GILMER,GA,11471
GLASCOCK,GA,11480
GLYNN,GAQ,11490
GORDON,GA,11500
GRADY,GA,11510
GREENE,GA,11520
GWINNETT,GA,11530
HABERSHAM,GA,11540
HALL,GA,11550
HANCOCK,GA,11560
HARALSON,GA,11570
HARRIS,GA,11580
HART,GA,11581
HEARD,GAQ,11590
HENRY,GA,11591
HOUSTON,GA,11600
IRWIN,GA,11601
JACKSON,GA,11610
JASPER,GAQ,11611
JEFF DAVIS,GAQ,11612
JEFFERSON,GA,11620
JENKINS,GA,11630
JOHNSON,GA,11640
JONES,GA,11650
LAMAR,GA,11651
LANIER,GA,11652
LAURENS,GA,11660
LEE,GA,11670
LIBERTY,GA,11680
LINCOLN,GA,11690
LONG,GA,11691
LOWNDES,GA,11700
LUMPKIN,GA,11701
MC DUFFIE,GA,11702
MC INTOSH,GA,11703
MACON,GA,11710
MADISON,GA,11720
MARION,GA,11730
MERIWETHER,GA,11740
MILLER,GA,11741
MITCHELL,GA,11750
MONROE,GAQ,11760
MONTGOMERY,GA,11770
MORGAN,GA,11771
MURRAY,GAQ,11772
MUSCOGEE,GA,11780
NEWTON,GA,11790
OCONEE,GA,11800
OGLETHORPE,GA,11801
PAULDING,GA,11810
PEACH,GA,11811
PICKENS,GA,11812
PIERCE,GA,11820
PIKE,GA,11821
POLK,GA,11830
PULASKI,GA,11831
PUTNAM,GAQ,11832
QUITMAN,GA,11833
RABUN,GA,11834
RANDOLPH,GA,11835
RICHMOND,GA,11840
ROCKDALE,GA,11841
SCHLEY,GA,11842
SCREVEN,GA,11850
SEMINOLE,GA,11851
SPALDING,GA,11860
STEPHENS,GA,11861
STEWART,GA,11862
SUMTER,GA,11870
TALBOT,GA,11880
TALIAFERRO,GA,11881
TATTNALL,GA,11882
TAYLOR,GA,11883
TELFAIR,GA,11884
TERRELL,GA,11885
THOMAS,GA,11890
TIFT,GA,11900
TOOMBS,GA,11901
TOWNS,GA,11902
TREUTLEN,GA,11903
TROUP,GAQ,11910
TURNER,GA,11911
TWIGGS,GAQ,11912
UNION,GA,11913
UPSON,GA,11920
WALKER,GA,11921
WALTON,GA,11930
WARE,GA,11940
WARREN,GA,11941
WASHINGTON,GAQ,11950
WAYNE,GAQ,11960
WEBSTER,GA,11961
WHEELER,GA,11962
WHITE,GA,11963
WHITFIELD,GAQ,11970
WILCOX,GA,11971
WILKES,GA,11972
WILKINSON,GAQ,11973
WORTH,GA,11980
STATEWIDE,GA,11999
HAWAII,HI,12010
HONOLULU,HI,12020
KALAWAO,HI,12005
KAUAI,HI,12040
MAUI,HI,12050
STATEWIDE,HI,12999
ADA,ID,13000
ADAMS,ID,13010
BANNOCK,ID,13020
BEAR LAKE,ID,13030
BENEWAH,ID,13040
BINGHAM,ID,13050
BLAINE,ID,13060
BOISE,ID,13070
BONNER,ID,13080
BONNEVILLE,ID,13090
BOUNDARY,ID,13100
BUTTE,IDQ,13110
CAMAS,ID,13120
CANYON,ID,13130
CARIBOU,IDQ,13140
CASSIA,ID,13150
CLARK,ID,13160
CLEARWATER,ID,13170
CUSTER,IDQ,13180
ELMORE,ID,13190
FRANKLIN,ID,13200
FREMONT,ID,13210
GEM,ID,13220
GOODING,ID,13230
IDAHO,ID,13240
JEFFERSON,ID,13250
JEROME,ID,13260
KOOTENAI,ID,13270
LATAH,ID,13280
LEMHI,ID,13290
LEWIS,ID,13300
LINCOLN,ID,13310
MADISON,ID,13320
MINIDOKA,ID,13330
NEZ PERCE,ID,13340
ONEIDA,ID,13350
OWYHEE,ID,13360
PAYETTE,ID,13370
POWER,ID,13380
SHOSHONE,IDQ,13390
TETON,ID,13400
TWIN FALLS,ID,13410
VALLEY,ID,13420
WASHINGTON,ID,13430
STATEWIDE,ID,13999
ADAMS,ILQ,14000
ALEXANDER,IL,14010
BOND,IL,14020
BOONE,IL,14030
BROWN,IL,14040
BUREAU,IL,14050
CALHOUN,IL,14060
CARROLL,IL,14070
CASS,ILQ,14080
CHAMPAIGN,IL,14090
CHRISTIAN,ILQ,14100
CLARK,IL,14110
CLAY,IL,14120
CLINTON,IL,14130
COLES,IL,14140
COOK,IL,14141
CRAWFORD,ILQ,14150
CUMBERLAND,IL,14160
DE KALB,IL,14170
DE WITT,IL,14180
DOUGLAS,ILQ,14190
DU PAGE,IL,14250
EDGAR,IL,14310
EDWARDS,IL,14320
EFFINGHAM,IL,14330
FAYETTE,IL,14340
FORD,IL,14350
FRANKLIN,ILQ,14360
FULTON,IL,14370
GALLATIN,ILQ,14380
GREENE,IL,14390
GRUNDY,IL,14400
HAMILTON,IL,14410
HANCOCK,IL,14420
HARDIN,ILQ,14421
HENDERSON,IL,14440
HENRY,IL,14450
IROQUOIS,IL,14460
JACKSON,IL,14470
JASPER,ILQ,14480
JEFFERSON,ILQ,14490
JERSEY,IL,14500
JO DAVIESS,IL,14510
JOHNSON,IL,14520
KANE,IL,14530
KANKAKEE,IL,14540
KENDALL,IL,14550
KNOX,ILQ,14560
LAKE,IL,14570
LA SALLE,ILQ,14580
LAWRENCE,ILQ,14590
LEE,ILQ,14600
LIVINGSTON,ILQ,14610
LOGAN,IL,14620
MC DONOUGH,IL,14630
MC HENRY,IL,14640
MC LEAN,IL,14650
MACON,IL,14660
MACOUPIN,IL,14670
MADISON,IL,14680
MARION,ILQ,14690
MARSHALL,ILQ,14700
MASON,IL,14710
MASSAC,ILQ,14720
MENARD,IL,14730
MERCER,IL,14740
MONROE,IL,14750
MONTGOMERY,ILQ,14760
MORGAN,ILQ,14770
MOULTRIE,IL,14780
OGLE,ILQ,14790
PEORIA,IL,14800
PERRY,ILQ,14810
PIATT,IL,14820
PIKE,IL,14830
POPE,IL,14831
PULASKI,IL,14850
PUTNAM,ILQ,14860
RANDOLPH,ILQ,14870
RICHLAND,ILQ,14880
ROCK ISLAND,IL,14890
ST. CLAIR,IL,14900
SALINE,ILQ,14910
SANGAMON,IL,14920
SCHUYLER,IL,14921
SCOTT,ILQ,14940
SHELBY,IL,14950
STARK,IL,14960
STEPHENSON,ILQ,14970
TAZEWELL,IL,14980
UNION,IL,14981
VERMILION,ILQ,14982
WABASH,ILQ,14983
WARREN,IL,14984
WASHINGTON,IL,14985
WAYNE,IL,14986
WHITE,IL,14987
WHITESIDE,ILQ,14988
WILL,IL,14989
WILLIAMSON,IL,14990
WINNEBAGO,IL,14991
WOODFORD,IL,14992
STATEWIDE,IL,14999
ADAMS,INQ,15000
ALLEN,IN,15010
BARTHOLOMEW,INQ,15020
BENTON,IN,15030
BLACKFORD,IN,15040
BOONE,IN,15050
BROWN,IN,15060
CARROLL,IN,15070
CASS,INQ,15080
CLARK,IN,15090
CLAY,IN,15100
CLINTON,IN,15110
CRAWFORD,IN,15120
DAVIESS,IN,15130
DEARBORN,IN,15140
DECATUR,IN,15150
DE KALB,IN,15160
DELAWARE,IN,15170
DUBOIS,IN,15180
ELKHART,IN,15190
FAYETTE,INQ,15200
FLOYD,IN,15210
FOUNTAIN,IN,15220
FRANKLIN,IN,15230
FULTON,IN,15240
GIBSON,INQ,15250
GRANT,INQ,15260
GREENE,IN,15270
HAMILTON,IN,15280
HANCOCK,IN,15290
HARRISON,IN,15300
HENDRICKS,IN,15310
HENRY,IN,15320
HOWARD,IN,15330
HUNTINGTON,IN,15340
JACKSON,IN,15350
JASPER,INQ,15360
JAY,IN,15370
JEFFERSON,INQ,15380
JENNINGS,IN,15390
JOHNSON,IN,15400
KNOX,IN,15410
KOSCIUSKO,INQ,15420
LAGRANGE,IN,15430
LAKE,IN,15440
LA PORTE,INQ,15450
LAWRENCE,INQ,15460
MADISON,IN,15470
MARION,IN,15480
MARSHALL,IN,15490
MARTIN,INQ,15500
MIAMI,IN,15510
MONROE,IN,15520
MONTGOMERY,INQ,15530
MORGAN,IN,15540
NEWTON,IN,15550
NOBLE,IN,15560
OHIO,IN,15570
ORANGE,IN,15580
OWEN,IN,15590
PARKE,IN,15600
PERRY,IN,15610
PIKE,INQ,15620
PORTER,IN,15630
POSEY,IN,15640
PULASKI,IN,15650
PUTNAM,INQ,15660
RANDOLPH,INQ,15670
RIPLEY,INQ,15680
RUSH,IN,15690
ST. JOSEPH,IN,15700
SCOTT,IN,15710
SHELBY,IN,15720
SPENCER,INQ,15730
STARKE,IN,15740
STEUBEN,IN,15750
SULLIVAN,INQ,15760
SWITZERLAND,IN,15770
TIPPECANOE,IN,15780
TIPTON,IN,15790
UNION,IN,15800
VANDERBURGH,IN,15810
VERMILLION,INQ,15820
VIGO,IN,15830
WABASH,INQ,15840
WARREN,INQ,15850
WARRICK,IN,15860
WASHINGTON,IN,15870
WAYNE,INQ,15880
WELLS,INQ,15890
WHITE,IN,15900
WHITLEY,IN,15910
STATEWIDE,IN,15999
ADAIR,IA,16000
ADAMS,IA,16010
ALLAMAKEE,IA,16020
APPANOOSE,IA,16030
AUDUBON,IA,16040
BENTON,IA,16050
BLACK HAWK,IA,16060
BOONE,IA,16070
BREMER,IA,16080
BUCHANAN,IA,16090
BUENA VISTA,IA,16100
BUTLER,IA,16110
CALHOUN,IA,16120
CARROLL,IA,16130
CASS,IA,16140
CEDAR,IA,16150
CERRO GORDO,IA,16160
CHEROKEE,IA,16170
CHICKASAW,IA,16180
CLARKE,IA,16190
CLAY,IA,16200
CLAYTON,IA,16210
CLINTON,IAQ,16220
CRAWFORD,IA,16230
DALLAS,IA,16240
DAVIS,IA,16250
DECATUR,IA,16260
DELAWARE,IA,16270
DES MOINES,IAQ,16280
DICKINSON,IA,16290
DUBUQUE,IA,16300
EMMET,IA,16310
FAYETTE,IA,16320
FLOYD,IA,16330
FRANKLIN,IA,16340
FREMONT,IA,16350
GREENE,IA,16360
GRUNDY,IA,16370
GUTHRIE,IA,16380
HAMILTON,IA,16390
HANCOCK,IA,16400
HARDIN,IA,16410
HARRISON,IA,16420
HENRY,IA,16430
HOWARD,IA,16440
HUMBOLDT,IA,16450
IDA,IA,16460
IOWA,IA,16470
JACKSON,IA,16480
JASPER,IAQ,16490
JEFFERSON,IA,16500
JOHNSON,IA,16510
JONES,IA,16520
KEOKUK,IA,16530
KOSSUTH,IA,16540
LEE,IAQ,16550
LINN,IA,16560
LOUISA,IA,16570
LUCAS,IA,16580
LYON,IA,16590
MADISON,IA,16600
MAHASKA,IA,16610
MARION,IA,16620
MARSHALL,IAQ,16630
MILLS,IA,16640
MITCHELL,IA,16650
MONONA,IA,16660
MONROE,IA,16670
MONTGOMERY,IA,16680
MUSCATINE,IAQ,16690
OBRIEN,IA,16700
OSCEOLA,IA,16710
PAGE,IA,16720
PALO ALTO,IA,16730
PLYMOUTH,IA,16740
POCAHONTAS,IA,16750
POLK,IA,16760
POTTAWATTAMIE,IA,16770
POWESHIEK,IA,16780
RINGGOLD,IA,16790
SAC,IA,16800
SCOTT,IA,16810
SHELBY,IA,16820
SIOUX,IA,16830
STORY,IA,16840
TAMA,IA,16850
TAYLOR,IA,16860
UNION,IA,16870
VAN BUREN,IA,16880
WAPELLO,IAQ,16890
WARREN,IA,16900
WASHINGTON,IA,16910
WAYNE,IA,16920
WEBSTER,IA,16930
WINNEBAGO,IA,16940
WINNESHIEK,IA,16950
WOODBURY,IA,16960
WORTH,IA,16970
WRIGHT,IA,16980
STATEWIDE,IA,16999
ALLEN,KS,17000
ANDERSON,KS,17010
ATCHISON,KS,17020
BARBER,KS,17030
BARTON,KSQ,17040
BOURBON,KS,17050
BROWN,KS,17060
BUTLER,KS,17070
CHASE,KS,17080
CHAUTAUQUA,KS,17090
CHEROKEE,KS,17100
CHEYENNE,KS,17110
CLARK,KS,17120
CLAY,KS,17130
CLOUD,KS,17140
COFFEY,KSQ,17150
COMANCHE,KS,17160
COWLEY,KSQ,17170
CRAWFORD,KS,17180
DECATUR,KS,17190
DICKINSON,KS,17200
DONIPHAN,KS,17210
DOUGLAS,KS,17220
EDWARDS,KS,17230
ELK,KS,17240
ELLIS,KS,17250
ELLSWORTH,KS,17260
FINNEY,KSQ,17270
FORD,KS,17280
FRANKLIN,KS,17290
GEARY,KS,17300
GOVE,KS,17310
GRAHAM,KS,17320
GRANT,KSQ,17330
GRAY,KS,17340
GREELEY,KS,17350
GREENWOOD,KS,17360
HAMILTON,KS,17370
HARPER,KS,17380
HARVEY,KS,17390
HASKELL,KSQ,17391
HODGEMAN,KS,17410
JACKSON,KS,17420
JEFFERSON,KS,17430
JEWELL,KS,17440
JOHNSON,KS,17450
KEARNY,KSQ,17451
KINGMAN,KS,17470
KIOWA,KS,17480
LABETTE,KS,17490
LANE,KS,17500
LEAVENWORTH,KS,17510
LINCOLN,KS,17520
LINN,KSQ,17530
LOGAN,KS,17540
LYON,KSQ,17550
MCPHERSON,KSQ,17560
MARION,KS,17570
MARSHALL,KS,17580
MEADE,KS,17590
MIAMI,KS,17600
MITCHELL,KS,17610
MONTGOMERY,KSQ,17620
MORRIS,KS,17630
MORTON,KSQ,17640
NEMAHA,KS,17650
NEOSHO,KS,17660
NESS,KS,17670
NORTON,KS,17680
OSAGE,KS,17690
OSBORNE,KS,17700
OTTAWA,KS,17710
PAWNEE,KS,17720
PHILLIPS,KS,17730
POTTAWATOMIE,KSQ,17740
PRATT,KS,17750
RAWLINS,KS,17760
RENO,KSQ,17770
REPUBLIC,KS,17780
RICE,KSQ,17790
RILEY,KS,17800
ROOKS,KSQ,17810
RUSH,KS,17820
RUSSELL,KSQ,17830
SALINE,KSQ,17840
SCOTT,KS,17841
SEDGWICK,KS,17860
SEWARD,KSQ,17870
SHAWNEE,KS,17880
SHERIDAN,KS,17890
SHERMAN,KS,17900
SMITH,KS,17910
STAFFORD,KS,17920
STANTON,KS,17921
STEVENS,KSQ,17940
SUMNER,KS,17950
THOMAS,KS,17960
TREGO,KS,17970
WABAUNSEE,KS,17980
WALLACE,KS,17981
WASHINGTON,KS,17982
WICHITA,KS,17983
WILSON,KS,17984
WOODSON,KS,17985
WYANDOTTE,KS,17986
STATEWIDE,KS,17999
ADAIR,KY,18000
ALLEN,KY,18010
ANDERSON,KY,18020
BALLARD,KYQ,18030
BARREN,KY,18040
BATH,KY,18050
BELL,KYQ,18060
BOONE,KY,18070
BOURBON,KY,18080
BOYD,KY,18090
BOYLE,KY,18100
BRACKEN,KY,18110
BREATHITT,KYQ,18120
BRECKINRIDGE,KY,18130
BULLITT,KY,18140
BUTLER,KY,18150
CALDWELL,KY,18160
CALLOWAY,KY,18170
CAMPBELL,KY,18180
CARLISLE,KY,18190
CARROLL,KYQ,18191
CARTER,KY,18210
CASEY,KY,18220
CHRISTIAN,KY,18230
CLARK,KY,18240
CLAY,KYQ,18250
CLINTON,KY,18260
CRITTENDEN,KY,18270
CUMBERLAND,KY,18271
DAVIESS,KY,18290
EDMONSON,KY,18291
ELLIOTT,KY,18310
ESTILL,KY,18320
FAYETTE,KY,18330
FLEMING,KY,18340
FLOYD,KYQ,18350
FRANKLIN,KY,18360
FULTON,KY,18361
GALLATIN,KY,18362
GARRARD,KY,18390
GRANT,KY,18400
GRAVES,KY,18410
GRAYSON,KY,18420
GREEN,KY,18421
GREENUP,KY,18440
HANCOCK,KYQ,18450
HARDIN,KY,18460
HARLAN,KYQ,18470
HARRISON,KY,18480
HART,KY,18490
HENDERSON,KY,18500
HENRY,KY,18510
HICKMAN,KY,18511
HOPKINS,KYQ,18530
JACKSON,KY,18540
JEFFERSON,KY,18550
JESSAMINE,KY,18560
JOHNSON,KYQ,18570
KENTON,KY,18580
KNOTT,KYQ,18590
KNOX,KY,18600
LARUE,KY,18610
LAUREL,KY,18620
LAWRENCE,KY,18630
LEE,KY,18640
LESLIE,KY,18650
LETCHER,KYQ,18660
LEWIS,KY,18670
LINCOLN,KY,18680
LIVINGSTON,KY,18690
LOGAN,KY,18700
LYON,KY,18710
MC CRACKEN,KY,18720
MC CREARY,KY,18730
MC LEAN,KY,18740
MADISON,KY,18750
MAGOFFIN,KYQ,18760
MARION,KY,18770
MARSHALL,KYQ,18780
MARTIN,KY,18790
MASON,KY,18800
MEADE,KYQ,18801
MENIFEE,KY,18802
MERCER,KY,18830
METCALFE,KY,18831
MONROE,KY,18850
MONTGOMERY,KY,18860
MORGAN,KY,18861
MUHLENBERG,KY,18880
NELSON,KY,18890
NICHOLAS,KY,18900
OHIO,KYQ,18910
OLDHAM,KY,18920
OWEN,KY,18930
OWSLEY,KY,18931
PENDLETON,KY,18932
PERRY,KYQ,18960
PIKE,KYQ,18970
POWELL,KY,18971
PULASKI,KY,18972
ROBERTSON,KY,18973
ROCKCASTLE,KY,18974
ROWAN,KY,18975
RUSSELL,KY,18976
SCOTT,KY,18977
SHELBY,KY,18978
SIMPSON,KY,18979
SPENCER,KY,18980
TAYLOR,KY,18981
TODD,KY,18982
TRIGG,KY,18983
TRIMBLE,KYQ,18984
UNION,KYQ,18985
WARREN,KY,18986
WASHINGTON,KY,18987
WAYNE,KY,18988
WEBSTER,KYQ,18989
WHITLEY,KY,18990
WOLFE,KY,18991
WOODFORD,KY,18992
STATEWIDE,KY,18999
ACADIA,LA,19000
ALLEN,LA,19010
ASCENSION,LA,19020
ASSUMPTION,LAQ,19030
AVOYELLES,LA,19040
BEAUREGARD,LAQ,19050
BIENVILLE,LA,19060
BOSSIER,LA,19070
CADDO,LA,19080
CALCASIEU,LA,19090
CALDWELL,LA,19100
CAMERON,LAQ,19110
CATAHOULA,LA,19120
CLAIBORNE,LAQ,19130
CONCORDIA,LA,19140
DE SOTO,LAQ,19150
E. BATON ROUGE,LA,19160
EAST CARROLL,LA,19170
EAST FELICIANA,LA,19180
EVANGELINE,LA,19190
FRANKLIN,LA,19200
GRANT,LA,19210
IBERIA,LAQ,19220
IBERVILLE,LAQ,19230
JACKSON,LAQ,19240
JEFFERSON,LA,19250
JEFFRSON DAVIS,LAQ,19260
LAFAYETTE,LA,19270
LAFOURCHE,LA,19280
LA SALLE,LA,19290
LINCOLN,LA,19300
LIVINGSTON,LA,19310
MADISON,LA,19320
MOREHOUSE,LAQ,19330
NATCHITOCHES,LA,19340
ORLEANS,LA,19350
OUACHITA,LA,19360
PLAQUEMINES,LAQ,19370
POINTE COUPEE,LAQ,19380
RAPIDES,LA,19390
RED RIVER,LA,19400
RICHLAND,LA,19410
SABINE,LA,19420
ST. BERNARD,LA,19430
ST. CHARLES,LA,19440
ST. HELENA,LA,19450
ST. JAMES,LAQ,19460
ST. JOHN BAPTIST,LA,19470
ST. LANDRY,LAQ,19480
ST. MARTIN,LA,19490
ST. MARY,LAQ,19500
ST. TAMMANY,LA,19510
TANGIPAHOA,LA,19520
TENSAS,LA,19530
TERREBONNE,LA,19540
UNION,LA,19550
VERMILION,LAQ,19560
VERNON,LA,19570
WASHINGTON,LAQ,19580
WEBSTER,LA,19590
W. BATON ROUGE,LA,19600
WEST CARROLL,LA,19610
WEST FELICIANA,LAQ,19620
WINN,LAQ,19630
STATEWIDE,LA,19999
ANDROSCOGGIN,ME,20000
AROOSTOOK,MEQ,20010
CUMBERLAND,ME,20020
FRANKLIN,MEQ,20030
HANCOCK,MEQ,20040
KENNEBEC,MEQ,20050
KNOX,ME,20060
LINCOLN,ME,20070
OXFORD,MEQ,20080
PENOBSCOT,ME,20090
PISCATAQUIS,ME,20100
SAGADAHOC,ME,20110
SOMERSET,MEQ,20120
WALDO,ME,20130
WASHINGTON,MEQ,20140
YORK,ME,20150
STATEWIDE,ME,20999
ALLEGANY,MD,21000
ANNE ARUNDEL,MD,21010
BALTIMORE,MD,21020
CALVERT,MD,21040
CAROLINE,MD,21050
CARROLL,MD,21060
CECIL,MD,21070
CHARLES,MD,21080
DORCHESTER,MD,21090
FREDERICK,MD,21100
GARRETT,MD,21110
HARFORD,MD,21120
HOWARD,MD,21130
KENT,MD,21140
MONTGOMERY,MD,21150
PRINCE GEORGES,MD,21160
QUEEN ANNES,MD,21170
ST. MARYS,MD,21180
SOMERSET,MD,21190
TALBOT,MD,21200
WASHINGTON,MD,21210
WICOMICO,MD,21220
WORCESTER,MD,21230
BALTIMORE CITY,MD,21030
STATEWIDE,MD,21999
BARNSTABLE,MA,22000
BERKSHIRE,MA,22010
BRISTOL,MA,22020
DUKES,MA,22030
ESSEX,MA,22040
FRANKLIN,MAQ,22060
HAMPDEN,MA,22070
HAMPSHIRE,MA,22080
MIDDLESEX,MA,22090
NANTUCKET,MA,22120
NORFOLK,MA,22130
PLYMOUTH,MA,22150
SUFFOLK,MA,22160
WORCESTER,MA,22170
STATEWIDE,MA,22999
ALCONA,MI,23000
ALGER,MI,23010
ALLEGAN,MI,23020
ALPENA,MI,23030
ANTRIM,MI,23040
ARENAC,MI,23050
BARAGA,MI,23060
BARRY,MI,23070
BAY,MI,23080
BENZIE,MI,23090
BERRIEN,MI,23100
BRANCH,MI,23110
CALHOUN,MI,23120
CASS,MI,23130
CHARLEVOIX,MI,23140
CHEBOYGAN,MI,23150
CHIPPEWA,MI,23160
CLARE,MI,23170
CLINTON,MI,23180
CRAWFORD,MI,23190
DELTA,MIQ,23200
DICKINSON,MI,23210
EATON,MI,23220
EMMET,MI,23230
GENESEE,MI,23240
GLADWIN,MI,23250
GOGEBIC,MI,23260
GRAND TRAVERSE,MI,23270
GRATIOT,MI,23280
HILLSDALE,MI,23290
HOUGHTON,MI,23300
HURON,MI,23310
INGHAM,MI,23320
IONIA,MI,23330
IOSCO,MI,23340
IRON,MI,23350
ISABELLA,MI,23360
JACKSON,MI,23370
KALAMAZOO,MI,23380
KALKASKA,MIQ,23390
KENT,MI,23400
KEWEENAW,MI,23410
LAKE,MI,23420
LAPEER,MI,23430
LEELANAU,MI,23440
LENAWEE,MI,23450
LIVINGSTON,MI,23460
LUCE,MI,23470
MACKINAC,MI,23480
MACOMB,MI,23490
MANISTEE,MI,23500
MARQUETTE,MI,23510
MASON,MI,23520
MECOSTA,MI,23530
MENOMINEE,MI,23540
MIDLAND,MI,23550
MISSAUKEE,MI,23560
MONROE,MI,23570
MONTCALM,MI,23580
MONTMORENCY,MI,23590
MUSKEGON,MI,23600
NEWAYGO,MI,23610
OAKLAND,MI,23620
OCEANA,MI,23630
OGEMAW,MI,23640
ONTONAGON,MIQ,23650
OSCEOLA,MI,23660
OSCODA,MI,23670
OTSEGO,MI,23680
OTTAWA,MI,23690
PRESQUE ISLE,MI,23700
ROSCOMMON,MI,23710
SAGINAW,MI,23720
ST. CLAIR,MI,23730
ST. JOSEPH,MI,23740
SANILAC,MI,23750
SCHOOLCRAFT,MI,23760
SHIAWASSEE,MI,23770
TUSCOLA,MI,23780
VAN BUREN,MI,23790
WASHTENAW,MI,23800
WAYNE,MI,23810
WEXFORD,MI,23830
STATEWIDE,MI,23999
AITKIN,MN,24000
ANOKA,MN,24010
BECKER,MN,24020
BELTRAMI,MN,24030
BENTON,MN,24040
BIG STONE,MN,24050
BLUE EARTH,MN,24060
BROWN,MN,24070
CARLTON,MNQ,24080
CARVER,MN,24090
CASS,MN,24100
CHIPPEWA,MN,24110
CHISAGO,MN,24120
CLAY,MN,24130
CLEARWATER,MN,24140
COOK,MN,24150
COTTONWOOD,MN,24160
CROW WING,MN,24170
DAKOTA,MN,24180
DODGE,MN,24190
DOUGLAS,MN,24200
FARIBAULT,MN,24210
FILLMORE,MN,24220
FREEBORN,MNQ,24230
GOODHUE,MN,24240
GRANT,MN,24250
HENNEPIN,MN,24260
HOUSTON,MN,24270
HUBBARD,MN,24280
ISANTI,MN,24290
ITASCA,MNQ,24300
JACKSON,MN,24310
KANABEC,MN,24320
KANDIYOHI,MN,24330
KITTSON,MN,24340
KOOCHICHING,MNQ,24350
LAC QUI PARLE,MN,24360
LAKE,MNQ,24370
LAKE OF  WOODS,MN,24380
LE SUEUR,MN,24390
LINCOLN,MN,24400
LYON,MN,24410
MC LEOD,MNQ,24420
MAHNOMEN,MN,24430
MARSHALL,MN,24440
MARTIN,MN,24450
MEEKER,MN,24460
MILLE LACS,MN,24470
MORRISON,MN,24480
MOWER,MNQ,24490
MURRAY,MN,24500
NICOLLET,MN,24510
NOBLES,MN,24520
NORMAN,MN,24530
OLMSTED,MN,24540
OTTER TAIL,MN,24550
PENNINGTON,MN,24560
PINE,MN,24570
PIPESTONE,MN,24580
POLK,MN,24590
POPE,MN,24600
RAMSEY,MN,24610
RED LAKE,MN,24620
REDWOOD,MN,24630
RENVILLE,MN,24640
RICE,MN,24650
ROCK,MN,24660
ROSEAU,MN,24670
ST. LOUIS,MN,24680
SCOTT,MN,24690
SHERBURNE,MN,24700
SIBLEY,MN,24710
STEARNS,MN,24720
STEELE,MNQ,24730
STEVENS,MN,24740
SWIFT,MN,24750
TODD,MN,24760
TRAVERSE,MN,24770
WABASHA,MN,24780
WADENA,MN,24790
WASECA,MN,24800
WASHINGTON,MN,24810
WATONWAN,MN,24820
WILKIN,MN,24830
WINONA,MN,24840
WRIGHT,MN,24850
YELLOW MEDCINE,MN,24860
STATEWIDE,MN,24999
ADAMS,MSQ,25000
ALCORN,MS,25010
AMITE,MS,25020
ATTALA,MS,25030
BENTON,MS,25040
BOLIVAR,MS,25050
CALHOUN,MS,25060
CARROLL,MS,25070
CHICKASAW,MS,25080
CHOCTAW,MS,25090
CLAIBORNE,MSQ,25100
CLARKE,MS,25110
CLAY,MSQ,25120
COAHOMA,MS,25130
COPIAH,MS,25140
COVINGTON,MS,25150
DE SOTO,MS,25160
FORREST,MS,25170
FRANKLIN,MS,25180
GEORGE,MS,25190
GREENE,MS,25200
GRENADA,MS,25210
HANCOCK,MS,25220
HARRISON,MS,25230
HINDS,MS,25240
HOLMES,MS,25250
HUMPHREYS,MS,25260
ISSAQUENA,MS,25270
ITAWAMBA,MS,25280
JACKSON,MS,25290
JASPER,MS,25300
JEFFERSON,MS,25310
JEFFERSON DAVIS,MS,25320
JONES,MSQ,25330
KEMPER,MS,25340
LAFAYETTE,MS,25350
LAMAR,MSQ,25360
LAUDERDALE,MSQ,25370
LAWRENCE,MSQ,25380
LEAKE,MS,25390
LEE,MS,25400
LEFLORE,MS,25410
LINCOLN,MS,25420
LOWNDES,MSQ,25430
MADISON,MS,25440
MARION,MS,25450
MARSHALL,MS,25460
MONROE,MS,25470
MONTGOMERY,MS,25480
NESHOBA,MS,25490
NEWTON,MS,25500
NOXUBEE,MS,25510
OKTIBBEHA,MS,25520
PANOLA,MS,25530
PEARL RIVER,MS,25540
PERRY,MSQ,25550
PIKE,MS,25560
PONTOTOC,MS,25570
PRENTISS,MS,25580
QUITMAN,MS,25590
RANKIN,MS,25600
SCOTT,MS,25610
SHARKEY,MS,25620
SIMPSON,MS,25630
SMITH,MS,25640
STONE,MS,25650
SUNFLOWER,MS,25660
TALLAHATCHIE,MS,25670
TATE,MS,25680
TIPPAH,MS,25690
TISHOMINGO,MS,25700
TUNICA,MS,25710
UNION,MS,25720
WALTHALL,MS,25730
WARREN,MSQ,25740
WASHINGTON,MS,25750
WAYNE,MS,25760
WEBSTER,MS,25770
WILKINSON,MS,25780
WINSTON,MS,25790
YALOBUSHA,MS,25800
YAZOO,MS,25810
STATEWIDE,MS,25999
ADAIR,MO,26000
ANDREW,MO,26010
ATCHISON,MO,26020
AUDRAIN,MOQ,26030
BARRY,MO,26040
BARTON,MO,26050
BATES,MO,26060
BENTON,MO,26070
BOLLINGER,MO,26080
BOONE,MO,26090
BUCHANAN,MO,26100
BUTLER,MO,26110
CALDWELL,MO,26120
CALLAWAY,MOQ,26130
CAMDEN,MO,26140
CAPE GIRARDEAU,MOQ,26150
CARROLL,MO,26160
CARTER,MO,26170
CASS,MO,26180
CEDAR,MO,26190
CHARITON,MO,26200
CHRISTIAN,MO,26210
CLARK,MO,26220
CLAY,MO,26230
CLINTON,MO,26240
COLE,MOQ,26250
COOPER,MO,26260
CRAWFORD,MO,26270
DADE,MO,26280
DALLAS,MO,26290
DAVIESS,MO,26300
DE KALB,MO,26310
DENT,MO,26320
DOUGLAS,MO,26330
DUNKLIN,MO,26340
FRANKLIN,MO,26350
GASCONADE,MO,26360
GENTRY,MO,26370
GREENE,MO,26380
GRUNDY,MO,26390
HARRISON,MO,26400
HENRY,MO,26410
HICKORY,MO,26411
HOLT,MO,26412
HOWARD,MO,26440
HOWELL,MO,26450
IRON,MOQ,26460
JACKSON,MO,26470
JASPER,MO,26480
JEFFERSON,MO,26490
JOHNSON,MO,26500
KNOX,MO,26510
LACLEDE,MO,26520
LAFAYETTE,MO,26530
LAWRENCE,MO,26540
LEWIS,MO,26541
LINCOLN,MO,26560
LINN,MO,26570
LIVINGSTON,MO,26580
MC DONALD,MO,26590
MACON,MO,26600
MADISON,MO,26601
MARIES,MO,26620
MARION,MO,26630
MERCER,MO,26631
MILLER,MO,26650
MISSISSIPPI,MO,26660
MONITEAU,MO,26670
MONROE,MO,26680
MONTGOMERY,MO,26690
MORGAN,MO,26700
NEW MADRID,MOQ,26710
NEWTON,MO,26720
NODAWAY,MO,26730
OREGON,MO,26740
OSAGE,MO,26750
OZARK,MO,26751
PEMISCOT,MO,26770
PERRY,MO,26780
PETTIS,MO,26790
PHELPS,MO,26800
PIKE,MOQ,26810
PLATTE,MO,26820
POLK,MO,26821
PULASKI,MO,26840
PUTNAM,MO,26850
RALLS,MOQ,26860
RANDOLPH,MOQ,26870
RAY,MO,26880
REYNOLDS,MOQ,26881
RIPLEY,MO,26900
ST. CHARLES,MO,26910
ST. CLAIR,MO,26911
STE. GENEVIEVE,MO,26960
ST. FRANCOIS,MO,26930
ST. LOUIS,MO,26940
SALINE,MO,26970
SCHUYLER,MO,26980
SCOTLAND,MO,26981
SCOTT,MO,26982
SHANNON,MO,26983
SHELBY,MO,26984
STODDARD,MO,26985
STONE,MO,26986
SULLIVAN,MO,26987
TANEY,MO,26988
TEXAS,MO,26989
VERNON,MO,26990
WARREN,MOQ,26991
WASHINGTON,MO,26992
WAYNE,MO,26993
WEBSTER,MO,26994
WORTH,MO,26995
WRIGHT,MO,26996
ST. LOUIS CITY,MO,26950
STATEWIDE,MO,26999
BEAVERHEAD,MT,27000
BIG HORN,MTQ,27010
BLAINE,MT,27020
BROADWATER,MT,27030
CARBON,MT,27040
CARTER,MT,27050
CASCADE,MT,27060
CHOUTEAU,MT,27070
CUSTER,MT,27080
DANIELS,MT,27090
DAWSON,MT,27100
DEER LODGE,MT,27110
FALLON,MTQ,27120
FERGUS,MT,27130
FLATHEAD,MT,27140
GALLATIN,MT,27150
GARFIELD,MT,27160
GLACIER,MT,27170
GOLDEN VALLEY,MT,27180
GRANITE,MT,27190
HILL,MT,27200
JEFFERSON,MT,27210
JUDITH BASIN,MT,27220
LAKE,MT,27230
LEWIS AND CLARK,MTQ,27240
LIBERTY,MT,27250
LINCOLN,MTQ,27260
MCCONE,MT,27270
MADISON,MT,27280
MEAGHER,MT,27290
MINERAL,MT,27300
MISSOULA,MTQ,27310
MUSSELSHELL,MT,27320
PARK,MT,27330
PETROLEUM,MT,27340
PHILLIPS,MT,27350
PONDERA,MT,27360
POWDER RIVER,MTQ,27370
POWELL,MT,27380
PRAIRIE,MT,27390
RAVALLI,MT,27400
RICHLAND,MTQ,27410
ROOSEVELT,MT,27420
ROSEBUD,MTQ,27430
SANDERS,MT,27440
SHERIDAN,MT,27450
SILVER BOW,MTQ,27460
STILLWATER,MT,27470
SWEET GRASS,MT,27480
TETON,MT,27490
TOOLE,MT,27500
TREASURE,MT,27510
VALLEY,MT,27520
WHEATLAND,MT,27530
WIBAUX,MT,27540
YELLOWSTONE,MT,27550
YELLOWSTONE NATL PARK,MT,27113
STATEWIDE,MT,27999
ADAMS,NE,28000
ANTELOPE,NE,28010
ARTHUR,NE,28020
BANNER,NE,28030
BLAINE,NE,28040
BOONE,NE,28050
BOX BUTTE,NE,28060
BOYD,NE,28070
BROWN,NE,28080
BUFFALO,NE,28090
BURT,NE,28100
BUTLER,NE,28110
CASS,NE,28120
CEDAR,NE,28130
CHASE,NE,28140
CHERRY,NE,28150
CHEYENNE,NE,28160
CLAY,NE,28170
COLFAX,NEQ,28180
CUMING,NE,28190
CUSTER,NE,28200
DAKOTA,NE,28210
DAWES,NE,28220
DAWSON,NE,28230
DEUEL,NE,28240
DIXON,NE,28250
DODGE,NEQ,28260
DOUGLAS,NE,28270
DUNDY,NE,28280
FILLMORE,NE,28290
FRANKLIN,NE,28300
FRONTIER,NE,28310
FURNAS,NE,28320
GAGE,NE,28330
GARDEN,NE,28340
GARFIELD,NE,28350
GOSPER,NE,28360
GRANT,NE,28370
GREELEY,NE,28380
HALL,NE,28390
HAMILTON,NE,28400
HARLAN,NE,28410
HAYES,NE,28420
HITCHCOCK,NE,28430
HOLT,NE,28440
HOOKER,NE,28450
HOWARD,NE,28460
JEFFERSON,NE,28470
JOHNSON,NE,28480
KEARNEY,NE,28490
KEITH,NE,28500
KEYA PAHA,NE,28510
KIMBALL,NE,28520
KNOX,NE,28530
LANCASTER,NE,28540
LINCOLN,NE,28550
LOGAN,NE,28560
LOUP,NE,28570
MC PHERSON,NE,28580
MADISON,NE,28590
MERRICK,NE,28600
MORRILL,NE,28610
NANCE,NE,28620
NEMAHA,NE,28630
NUCKOLLS,NE,28640
OTOE,NE,28650
PAWNEE,NE,28660
PERKINS,NE,28670
PHELPS,NE,28680
PIERCE,NE,28690
PLATTE,NE,28700
POLK,NE,28710
RED WILLOW,NE,28720
RICHARDSON,NE,28730
ROCK,NE,28740
SALINE,NEQ,28750
SARPY,NE,28760
SAUNDERS,NE,28770
SCOTT BLUFF,NE,28780
SEWARD,NE,28790
SHERIDAN,NE,28800
SHERMAN,NE,28810
SIOUX,NE,28820
STANTON,NEQ,28830
THAYER,NE,28840
THOMAS,NE,28850
THURSTON,NE,28860
VALLEY,NE,28870
WASHINGTON,NE,28880
WAYNE,NE,28890
WEBSTER,NE,28900
WHEELER,NE,28910
YORK,NE,28920
STATEWIDE,NE,28999
CHURCHILL,NV,29000
CLARK,NV,29010
DOUGLAS,NV,29020
ELKO,NV,29030
ESMERALDA,NVQ,29040
EUREKA,NVQ,29050
HUMBOLDT,NV,29060
LANDER,NVQ,29070
LINCOLN,NVQ,29080
LYON,NV,29090
MINERAL,NV,29100
NYE,NVQ,29110
PERSHING,NVQ,29130
STOREY,NVQ,29140
WASHOE,NV,29150
WHITE PINE,NV,29160
CARSON CITY,NVQ,29120
STATEWIDE,NV,29999
BELKNAP,NH,30000
CARROLL,NH,30010
CHESHIRE,NH,30020
COOS,NH,30030
GRAFTON,NH,30040
HILLSBOROUGH,NH,30050
MERRIMACK,NH,30060
ROCKINGHAM,NH,30070
STRAFFORD,NH,30080
SULLIVAN,NH,30090
STATEWIDE,NH,30999
ATLANTIC,NJ,31000
BERGEN,NJ,31100
BURLINGTON,NJ,31150
CAMDEN,NJ,31160
CAPE MAY,NJ,31180
CUMBERLAND,NJ,31190
ESSEX,NJ,31200
GLOUCESTER,NJ,31220
HUDSON,NJ,31230
HUNTERDON,NJ,31250
MERCER,NJ,31260
MIDDLESEX,NJ,31270
MONMOUTH,NJ,31290
MORRIS,NJ,31300
OCEAN,NJ,31310
PASSAIC,NJ,31320
SALEM,NJ,31340
SOMERSET,NJ,31350
SUSSEX,NJ,31360
UNION,NJ,31370
WARREN,NJ,31390
STATEWIDE,NJ,31999
BERNALILLO,NM,32000
CATRON,NM,32010
CHAVES,NM,32020
CIBOLA,NM,32025
COLFAX,NM,32030
CURRY,NM,32040
DE BACA,NM,32050
DONA ANA,NM,32060
EDDY,NMQ,32070
GRANT,NMQ,32080
GUADALUPE,NM,32090
HARDING,NM,32100
HIDALGO,NMQ,32110
LEA,NMQ,32120
LINCOLN,NM,32130
LOS ALAMOS,NMQ,32131
LUNA,NM,32140
MCKINLEY,NMQ,32150
MORA,NM,32160
OTERO,NM,32170
QUAY,NM,32180
RIO ARRIBA,NM,32190
ROOSEVELT,NM,32200
SANDOVAL,NM,32210
SAN JUAN,NMQ,32220
SAN MIGUEL,NM,32230
SANTA FE,NM,32240
SIERRA,NM,32250
SOCORRO,NM,32260
TAOS,NM,32270
TORRANCE,NM,32280
UNION,NM,32290
VALENCIA,NM,32300
STATEWIDE,NM,32999
ALBANY,NY,33000
ALLEGANY,NY,33010
BRONX,NY,33020
BROOME,NY,33030
CATTARAUGUS,NY,33040
CAYUGA,NYQ,33050
CHAUTAUQUA,NYQ,33060
CHEMUNG,NY,33070
CHENANGO,NYQ,33080
CLINTON,NYQ,33090
COLUMBIA,NY,33200
CORTLAND,NY,33210
DELAWARE,NYQ,33220
DUTCHESS,NY,33230
ERIE,NY,33240
ESSEX,NY,33260
FRANKLIN,NY,33270
FULTON,NY,33280
GENESEE,NY,33290
GREENE,NY,33300
HAMILTON,NY,33310
HERKIMER,NY,33320
JEFFERSON,NYQ,33330
KINGS,NY,33331
LEWIS,NY,33340
LIVINGSTON,NY,33350
MADISON,NY,33360
MONROE,NY,33370
MONTGOMERY,NY,33380
NASSAU,NY,33400
NEW YORK,NY,33420
NIAGARA,NY,33500
ONEIDA,NY,33510
ONONDAGA,NY,33520
ONTARIO,NY,33530
ORANGE,NY,33540
ORLEANS,NY,33550
OSWEGO,NY,33560
OTSEGO,NY,33570
PUTNAM,NY,33580
QUEENS,NY,33590
RENSSELAER,NY,33600
RICHMOND,NY,33610
ROCKLAND,NY,33620
ST. LAWRENCE,NYQ,33630
SARATOGA,NY,33640
SCHENECTADY,NY,33650
SCHOHARIE,NY,33660
SCHUYLER,NY,33670
SENECA,NYQ,33680
STEUBEN,NYQ,33690
SUFFOLK,NY,33700
SULLIVAN,NY,33710
TIOGA,NY,33720
TOMPKINS,NYQ,33730
ULSTER,NYQ,33740
WARREN,NY,33750
WASHINGTON,NY,33760
WAYNE,NY,33770
WESTCHESTER,NY,33800
WYOMING,NY,33900
YATES,NY,33910
STATEWIDE,NY,33999
ALAMANCE,NC,34000
ALEXANDER,NC,34010
ALLEGHANY,NC,34020
ANSON,NCQ,34030
ASHE,NC,34040
AVERY,NC,34050
BEAUFORT,NCQ,34060
BERTIE,NC,34070
BLADEN,NCQ,34080
BRUNSWICK,NCQ,34090
BUNCOMBE,NC,34100
BURKE,NC,34110
CABARRUS,NC,34120
CALDWELL,NCQ,34130
CAMDEN,NC,34140
CARTERET,NC,34150
CASWELL,NC,34160
CATAWBA,NC,34170
CHATHAM,NCQ,34180
CHEROKEE,NC,34190
CHOWAN,NCQ,34200
CLAY,NC,34210
CLEVELAND,NCQ,34220
COLUMBUS,NCQ,34230
CRAVEN,NCQ,34240
CUMBERLAND,NC,34250
CURRITUCK,NC,34251
DARE,NC,34270
DAVIDSON,NC,34280
DAVIE,NC,34290
DUPLIN,NC,34300
DURHAM,NC,34310
EDGECOMBE,NCQ,34320
FORSYTH,NC,34330
FRANKLIN,NC,34340
GASTON,NC,34350
GATES,NC,34360
GRAHAM,NC,34370
GRANVILLE,NCQ,34380
GREENE,NC,34390
GUILFORD,NC,34400
HALIFAX,NCQ,34410
HARNETT,NC,34420
HAYWOOD,NCQ,34430
HENDERSON,NCQ,34440
HERTFORD,NC,34450
HOKE,NCQ,34460
HYDE,NC,34470
IREDELL,NCQ,34480
JACKSON,NC,34490
JOHNSTON,NCQ,34500
JONES,NC,34510
LEE,NCQ,34520
LENOIR,NCQ,34530
LINCOLN,NC,34540
MC DOWELL,NCQ,34550
MACON,NCQ,34560
MADISON,NC,34570
MARTIN,NCQ,34580
MECKLENBURG,NC,34590
MITCHELL,NC,34600
MONTGOMERY,NC,34610
MOORE,NCQ,34620
NASH,NCQ,34630
NEW HANOVER,NC,34640
NORTHAMPTON,NC,34650
ONSLOW,NC,34660
ORANGE,NC,34670
PAMLICO,NC,34680
PASQUOTANK,NC,34690
PENDER,NC,34700
PERQUIMANS,NC,34710
PERSON,NCQ,34720
PITT,NCQ,34730
POLK,NC,34740
RANDOLPH,NC,34750
RICHMOND,NCQ,34760
ROBESON,NCQ,34770
ROCKINGHAM,NCQ,34780
ROWAN,NC,34790
RUTHERFORD,NCQ,34800
SAMPSON,NC,34810
SCOTLAND,NCQ,34820
STANLY,NCQ,34830
STOKES,NC,34840
SURRY,NCQ,34850
SWAIN,NC,34860
TRANSYLVANIA,NCQ,34870
TYRRELL,NC,34880
UNION,NC,34890
VANCE,NCQ,34900
WAKE,NC,34910
WARREN,NC,34920
WASHINGTON,NC,34930
WATAUGA,NC,34940
WAYNE,NCQ,34950
WILKES,NCQ,34960
WILSON,NCQ,34970
YADKIN,NC,34980
YANCEY,NC,34981
STATEWIDE,NC,34999
ADAMS,ND,35000
BARNES,ND,35010
BENSON,ND,35020
BILLINGS,NDQ,35030
BOTTINEAU,ND,35040
BOWMAN,ND,35050
BURKE,NDQ,35060
BURLEIGH,ND,35070
CASS,ND,35080
CAVALIER,ND,35090
DICKEY,ND,35100
DIVIDE,ND,35110
DUNN,NDQ,35120
EDDY,ND,35130
EMMONS,ND,35140
FOSTER,ND,35150
GOLDEN VALLEY,ND,35160
GRAND FORKS,ND,35170
GRANT,ND,35180
GRIGGS,ND,35190
HETTINGER,ND,35200
KIDDER,ND,35210
LA MOURE,ND,35220
LOGAN,ND,35230
MCHENRY,ND,35240
MCINTOSH,ND,35250
MCKENZIE,NDQ,35260
MCLEAN,NDQ,35270
MERCER,NDQ,35280
MORTON,ND,35290
MOUNTRAIL,ND,35300
NELSON,ND,35310
OLIVER,NDQ,35320
PEMBINA,ND,35330
PIERCE,ND,35340
RAMSEY,ND,35350
RANSOM,ND,35360
RENVILLE,ND,35370
RICHLAND,ND,35380
ROLETTE,ND,35390
SARGENT,NDQ,35400
SHERIDAN,ND,35410
SIOUX,ND,35420
SLOPE,ND,35430
STARK,NDQ,35440
STEELE,ND,35450
STUTSMAN,ND,35460
TOWNER,ND,35470
TRAILL,ND,35480
WALSH,ND,35490
WARD,ND,35500
WELLS,ND,35510
WILLIAMS,NDQ,35520
STATEWIDE,ND,35999
ADAMS,OHQ,36000
ALLEN,OH,36010
ASHLAND,OH,36020
ASHTABULA,OH,36030
ATHENS,OH,36040
AUGLAIZE,OH,36050
BELMONT,OH,36060
BROWN,OH,36070
BUTLER,OH,36080
CARROLL,OH,36090
CHAMPAIGN,OH,36100
CLARK,OH,36110
CLERMONT,OH,36120
CLINTON,OH,36130
COLUMBIANA,OH,36140
COSHOCTON,OHQ,36150
CRAWFORD,OH,36160
CUYAHOGA,OH,36170
DARKE,OH,36190
DEFIANCE,OHQ,36200
DELAWARE,OH,36210
ERIE,OH,36220
FAIRFIELD,OH,36230
FAYETTE,OH,36240
FRANKLIN,OH,36250
FULTON,OH,36260
GALLIA,OH,36270
GEAUGA,OH,36280
GREENE,OH,36290
GUERNSEY,OH,36300
HAMILTON,OH,36310
HANCOCK,OHQ,36330
HARDIN,OH,36340
HARRISON,OHQ,36350
HENRY,OH,36360
HIGHLAND,OH,36370
HOCKING,OH,36380
HOLMES,OH,36390
HURON,OH,36400
JACKSON,OH,36410
JEFFERSON,OH,36420
KNOX,OH,36430
LAKE,OH,36440
LAWRENCE,OH,36450
LICKING,OH,36460
LOGAN,OH,36470
LORAIN,OH,36480
LUCAS,OH,36490
MADISON,OH,36500
MAHONING,OH,36510
MARION,OHQ,36520
MEDINA,OH,36530
MEIGS,OHQ,36540
MERCER,OH,36550
MIAMI,OH,36560
MONROE,OHQ,36570
MONTGOMERY,OH,36580
MORGAN,OHQ,36590
MORROW,OH,36600
MUSKINGUM,OH,36610
NOBLE,OH,36620
OTTAWA,OHQ,36630
PAULDING,OH,36640
PERRY,OH,36650
PICKAWAY,OH,36660
PIKE,OHQ,36670
PORTAGE,OH,36680
PREBLE,OH,36690
PUTNAM,OH,36700
RICHLAND,OH,36710
ROSS,OHQ,36720
SANDUSKY,OH,36730
SCIOTO,OH,36740
SENECA,OHQ,36750
SHELBY,OH,36760
STARK,OH,36770
SUMMIT,OH,36780
TRUMBULL,OH,36790
TUSCARAWAS,OH,36800
UNION,OH,36810
VAN WERT,OH,36820
VINTON,OH,36830
WARREN,OH,36840
WASHINGTON,OH,36850
WAYNE,OH,36860
WILLIAMS,OH,36870
WOOD,OH,36880
WYANDOT,OH,36890
STATEWIDE,OH,36999
ADAIR,OK,37000
ALFALFA,OK,37010
ATOKA,OK,37020
BEAVER,OKQ,37030
BECKHAM,OKQ,37040
BLAINE,OK,37050
BRYAN,OK,37060
CADDO,OKQ,37070
CANADIAN,OK,37080
CARTER,OKQ,37090
CHEROKEE,OK,37100
CHOCTAW,OK,37110
CIMARRON,OK,37120
CLEVELAND,OK,37130
COAL,OK,37140
COMANCHE,OK,37150
COTTON,OK,37160
CRAIG,OKQ,37170
CREEK,OK,37180
CUSTER,OKQ,37190
DELAWARE,OK,37200
DEWEY,OKQ,37210
ELLIS,OKQ,37220
GARFIELD,OK,37230
GARVIN,OKQ,37240
GRADY,OKQ,37250
GRANT,OKQ,37260
GREER,OK,37270
HARMON,OK,37280
HARPER,OKQ,37290
HASKELL,OK,37300
HUGHES,OK,37310
JACKSON,OK,37320
JEFFERSON,OK,37330
JOHNSTON,OK,37340
KAY,OKQ,37350
KINGFISHER,OKQ,37360
KIOWA,OK,37370
LATIMER,OK,37380
LE FLORE,OK,37390
LINCOLN,OK,37400
LOGAN,OK,37410
LOVE,OK,37420
MCCLAIN,OK,37430
MCCURTAIN,OKQ,37440
MCINTOSH,OK,37450
MAJOR,OKQ,37460
MARSHALL,OK,37470
MAYES,OKQ,37480
MURRAY,OKQ,37490
MUSKOGEE,OKQ,37500
NOBLE,OKQ,37510
NOWATA,OK,37520
OKFUSKEE,OK,37530
OKLAHOMA,OK,37540
OKMULGEE,OK,37550
OSAGE,OK,37560
OTTAWA,OKQ,37570
PAWNEE,OK,37580
PAYNE,OK,37590
PITTSBURG,OKQ,37600
PONTOTOC,OKQ,37610
POTTAWATOMIE,OK,37620
PUSHMATAHA,OK,37630
ROGER MILLS,OKQ,37640
ROGERS,OK,37650
SEMINOLE,OKQ,37660
SEQUOYAH,OK,37670
STEPHENS,OKQ,37680
TEXAS,OKQ,37690
TILLMAN,OK,37700
TULSA,OK,37710
WAGONER,OK,37720
WASHINGTON,OKQ,37730
WASHITA,OKQ,37740
WOODS,OK,37750
WOODWARD,OKQ,37760
STATEWIDE,OK,37999
BAKER,OR,38000
BENTON,ORQ,38010
CLACKAMAS,OR,38020
CLATSOP,ORQ,38030
COLUMBIA,ORQ,38040
COOS,ORQ,38050
CROOK,ORQ,38060
CURRY,OR,38070
DESCHUTES,OR,38080
DOUGLAS,ORQ,38090
GILLIAM,OR,38100
GRANT,ORQ,38110
HARNEY,OR,38120
HOOD RIVER,OR,38130
JACKSON,OR,38140
JEFFERSON,ORQ,38150
JOSEPHINE,OR,38160
KLAMATH,ORQ,38170
LAKE,OR,38180
LANE,OR,38190
LINCOLN,OR,38200
LINN,ORQ,38210
MALHEUR,OR,38220
MARION,OR,38230
MORROW,ORQ,38240
MULTNOMAH,OR,38250
POLK,OR,38260
SHERMAN,OR,38270
TILLAMOOK,OR,38280
UMATILLA,OR,38290
UNION,OR,38300
WALLOWA,OR,38310
WASCO,ORQ,38320
WASHINGTON,OR,38330
WHEELER,OR,38340
YAMHILL,OR,38350
STATEWIDE,OR,38999
ADAMS,PA,39000
ALLEGHENY,PA,39010
ARMSTRONG,PAQ,39070
BEAVER,PA,39080
BEDFORD,PA,39100
BERKS,PA,39110
BLAIR,PA,39120
BRADFORD,PAQ,39130
BUCKS,PA,39140
BUTLER,PAQ,39150
CAMBRIA,PA,39160
CAMERON,PAQ,39180
CARBON,PA,39190
CENTRE,PA,39200
CHESTER,PA,39210
CLARION,PAQ,39220
CLEARFIELD,PAQ,39230
CLINTON,PAQ,39240
COLUMBIA,PA,39250
CRAWFORD,PAQ,39260
CUMBERLAND,PA,39270
DAUPHIN,PA,39280
DELAWARE,PA,39290
ELK,PAQ,39310
ERIE,PA,39320
FAYETTE,PA,39330
FOREST,PA,39340
FRANKLIN,PAQ,39350
FULTON,PA,39360
GREENE,PAQ,39370
HUNTINGDON,PA,39380
INDIANA,PAQ,39390
JEFFERSON,PAQ,39400
JUNIATA,PA,39410
LACKAWANNA,PA,39420
LANCASTER,PA,39440
LAWRENCE,PAQ,39450
LEBANON,PA,39460
LEHIGH,PA,39470
LUZERNE,PA,39480
LYCOMING,PA,39510
MC KEAN,PAQ,39520
MERCER,PA,39530
MIFFLIN,PAQ,39540
MONROE,PA,39550
MONTGOMERY,PA,39560
MONTOUR,PAQ,39580
NORTHAMPTON,PA,39590
NORTHUMBERLND,PA,39600
PERRY,PA,39610
PHILADELPHIA,PA,39620
PIKE,PA,39630
POTTER,PA,39640
SCHUYLKILL,PA,39650
SNYDER,PA,39670
SOMERSET,PA,39680
SULLIVAN,PA,39690
SUSQUEHANNA,PA,39700
TIOGA,PA,39710
UNION,PAQ,39720
VENANGO,PAQ,39730
WARREN,PAQ,39740
WASHINGTON,PA,39750
WAYNE,PA,39760
WESTMORELAND,PA,39770
WYOMING,PA,39790
YORK,PA,39800
STATEWIDE,PA,39999
ADJUNTAS,PR,40010
AGUADA,PR,40020
AGUADILLA,PR,40030
AGUAS BUENAS,PR,40040
AIBONITO,PR,40050
ANASCO,PR,40060
ARECIBO,PR,40070
ARROYO,PR,40080
BARCELONETA,PR,40090
BARRANQUITAS,PR,40100
BAYAMON,PR,40110
CABO ROJO,PR,40120
CAGUAS,PR,40130
CAMUY,PR,40140
CANOVANAS,PR,40145
CAROLINA,PR,40150
CATANO,PR,40160
CAYEY,PR,40170
CEIBA,PR,40180
CIALES,PR,40190
CIDRA,PR,40200
COAMO,PR,40210
COMERIO,PR,40220
COROZAL,PR,40230
CULEBRA,PR,40240
DORADO,PR,40250
FAJARDO,PR,40260
FLORIDA,PR,40265
GUANICA,PR,40270
GUAYAMA,PR,40280
GUAYANILLA,PR,40290
GUAYNABO,PR,40300
GURABO,PR,40310
HATILLO,PR,40320
HORMIGUEROS,PR,40330
HUMACAO,PR,40340
ISABELA,PR,40350
JAYUYA,PR,40360
JUANA DIAZ,PR,40370
JUNCOS,PR,40380
LAJAS,PR,40390
LARES,PR,40400
LAS MARIAS,PR,40410
LAS PIEDRAS,PR,40420
LOIZA,PR,40430
LUQUILLO,PR,40440
MANATI,PR,40450
MARICAO,PR,40460
MAUNABO,PR,40470
MAYAGUEZ,PR,40480
MOCA,PR,40490
MOROVIS,PR,40500
MAGUABO,PR,40510
NARANJITO,PR,40520
OROCOVIS,PR,40530
PATILLAS,PR,40540
PENUELAS,PR,40550
PONCE,PR,40560
QUEBRADILLAS,PR,40570
RINCON,PR,40580
RIO GRANDE,PR,40590
SABANA GRANDE,PR,40610
SALINAS,PR,40620
SAN GERMAN,PR,40630
SAN JUAN,PR,40640
SAN LORENZO,PR,40650
SAN SEBASTIAN,PR,40660
SANTA ISABEL,PR,40670
TOA ALTA,PR,40680
TOA BAJA,PR,40690
TRUJILLO ALTO,PR,40700
UTUADO,PR,40710
VEGA ALTA,PR,40720
VEGA BAJA,PR,40730
VIEQUES,PR,40740
VILLALBA,PR,40750
YABUCOA,PR,40760
YAUCO,PR,40770
"PUERTO RICO, NFD",PR,40999
BRISTOL,RI,41000
KENT,RI,41010
NEWPORT,RI,41020
PROVIDENCE,RI,41030
WASHINGTON,RI,41050
STATEWIDE,RI,41999
ABBEVILLE,SC,42000
AIKEN,SC,42010
ALLENDALE,SC,42020
ANDERSON,SC,42030
BAMBERG,SC,42040
BARNWELL,SC,42050
BEAUFORT,SC,42060
BERKELEY,SC,42070
CALHOUN,SCQ,42080
CHARLESTON,SC,42090
CHEROKEE,SC,42100
CHESTER,SC,42110
CHESTERFIELD,SC,42120
CLARENDON,SC,42130
COLLETON,SC,42140
DARLINGTON,SCQ,42150
DILLON,SC,42160
DORCHESTER,SC,42170
EDGEFIELD,SC,42180
FAIRFIELD,SCQ,42190
FLORENCE,SC,42200
GEORGETOWN,SCQ,42210
GREENVILLE,SC,42220
GREENWOOD,SCQ,42230
HAMPTON,SC,42240
HORRY,SC,42250
JASPER,SC,42260
KERSHAW,SCQ,42270
LANCASTER,SC,42280
LAURENS,SC,42290
LEE,SC,42300
LEXINGTON,SC,42310
MCCORMICK,SC,42320
MARION,SC,42330
MARLBORO,SC,42340
NEWBERRY,SC,42350
OCONEE,SCQ,42360
ORANGEBURG,SC,42370
PICKENS,SC,42380
RICHLAND,SC,42390
SALUDA,SC,42400
SPARTANBURG,SC,42410
SUMTER,SC,42420
UNION,SC,42430
WILLIAMSBURG,SC,42440
YORK,SC,42450
STATEWIDE,SC,42999
AURORA,SD,43010
BEADLE,SD,43020
BENNETT,SD,43030
BON HOMME,SD,43040
BROOKINGS,SD,43050
BROWN,SD,43060
BRULE,SD,43070
BUFFALO,SD,43080
BUTTE,SD,43090
CAMPBELL,SD,43100
CHARLES MIX,SD,43110
CLARK,SD,43120
CLAY,SD,43130
CODINGTON,SD,43140
CORSON,SD,43150
CUSTER,SD,43160
DAVISON,SD,43170
DAY,SD,43180
DEUEL,SD,43190
DEWEY,SD,43200
DOUGLAS,SD,43210
EDMUNDS,SD,43220
FALL RIVER,SD,43230
FAULK,SD,43240
GRANT,SD,43250
GREGORY,SD,43260
HAAKON,SD,43270
HAMLIN,SD,43280
HAND,SD,43290
HANSON,SD,43300
HARDING,SD,43310
HUGHES,SD,43320
HUTCHINSON,SD,43330
HYDE,SD,43340
JACKSON,SD,43350
JERAULD,SD,43360
JONES,SD,43370
KINGSBURY,SD,43380
LAKE,SD,43390
LAWRENCE,SD,43400
LINCOLN,SD,43410
LYMAN,SD,43420
MC COOK,SD,43430
MC PHERSON,SD,43440
MARSHALL,SD,43450
MEADE,SD,43460
MELLETTE,SD,43470
MINER,SD,43480
MINNEHAHA,SD,43490
MOODY,SD,43500
PENNINGTON,SD,43510
PERKINS,SD,43520
POTTER,SD,43530
ROBERTS,SD,43540
SANBORN,SD,43550
SHANNON,SD,43560
SPINK,SD,43570
STANLEY,SD,43580
SULLY,SD,43590
TODD,SD,43600
TRIPP,SD,43610
TURNER,SD,43620
UNION,SD,43630
WALWORTH,SD,43640
WASHABAUGH,SD,43650
YANKTON,SD,43670
ZIEBACH,SD,43680
STATEWIDE,SD,43999
ANDERSON,TN,44000
BEDFORD,TN,44010
BENTON,TN,44020
BLEDSOE,TN,44030
BLOUNT,TN,44040
BRADLEY,TNQ,44050
CAMPBELL,TN,44060
CANNON,TN,44070
CARROLL,TN,44080
CARTER,TN,44090
CHEATHAM,TN,44100
CHESTER,TN,44110
CLAIBORNE,TN,44120
CLAY,TN,44130
COCKE,TN,44140
COFFEE,TNQ,44150
CROCKETT,TN,44160
CUMBERLAND,TN,44170
DAVIDSON,TN,44180
DECATUR,TN,44190
DE KALB,TN,44200
DICKSON,TN,44210
DYER,TNQ,44220
FAYETTE,TN,44230
FENTRESS,TN,44240
FRANKLIN,TN,44250
GIBSON,TN,44260
GILES,TN,44270
GRAINGER,TN,44280
GREENE,TN,44290
GRUNDY,TN,44300
HAMBLEN,TNQ,44310
HAMILTON,TN,44320
HANCOCK,TN,44330
HARDEMAN,TN,44340
HARDIN,TN,44350
HAWKINS,TN,44360
HAYWOOD,TN,44370
HENDERSON,TN,44380
HENRY,TNQ,44390
HICKMAN,TN,44400
HOUSTON,TN,44410
HUMPHREYS,TNQ,44420
JACKSON,TN,44430
JEFFERSON,TN,44440
JOHNSON,TN,44450
KNOX,TN,44460
LAKE,TN,44470
LAUDERDALE,TN,44480
LAWRENCE,TN,44490
LEWIS,TN,44500
LINCOLN,TN,44510
LOUDON,TNQ,44520
MC MINN,TNQ,44530
MC NAIRY,TN,44540
MACON,TN,44550
MADISON,TNQ,44560
MARION,TN,44570
MARSHALL,TN,44580
MAURY,TNQ,44590
MEIGS,TNQ,44600
MONROE,TN,44610
MONTGOMERY,TN,44620
MOORE,TNQ,44630
MORGAN,TN,44640
OBION,TNQ,44650
OVERTON,TN,44660
PERRY,TN,44670
PICKETT,TN,44680
POLK,TNQ,44690
PUTNAM,TN,44700
RHEA,TNQ,44710
ROANE,TNQ,44720
ROBERTSON,TN,44730
RUTHERFORD,TN,44740
SCOTT,TN,44750
SEQUATCHIE,TN,44760
SEVIER,TN,44770
SHELBY,TN,44780
SMITH,TN,44790
STEWART,TNQ,44800
SULLIVAN,TN,44810
SUMNER,TN,44820
TIPTON,TN,44830
TROUSDALE,TNQ,44840
UNICOI,TN,44850
UNION,TN,44860
VAN BUREN,TN,44870
WARREN,TN,44880
WASHINGTON,TN,44890
WAYNE,TN,44900
WEAKLEY,TN,44910
WHITE,TN,44920
WILLIAMSON,TN,44930
WILSON,TN,44940
STATEWIDE,TN,44999
ANDERSON,TXQ,45000
ANDREWS,TXQ,45010
ANGELINA,TXQ,45020
ARANSAS,TXQ,45030
ARCHER,TXQ,45040
ARMSTRONG,TXQ,45050
ATASCOSA,TXQ,45060
AUSTIN,TXQ,45070
BAILEY,TXQ,45080
BANDERA,TXQ,45090
BASTROP,TXQ,45100
BAYLOR,TXQ,45110
BEE,TXQ,45113
BELL,TX,45120
BEXAR,TX,45130
BLANCO,TXQ,45140
BORDEN,TXQ,45150
BOSQUE,TXQ,45160
BOWIE,TX,45170
BRAZORIA,TX,45180
BRAZOS,TX,45190
BREWSTER,TX,45200
BRISCOE,TXQ,45201
BROOKS,TXQ,45210
BROWN,TXQ,45220
BURLESON,TXQ,45221
BURNET,TXQ,45222
CALDWELL,TXQ,45223
CALHOUN,TXQ,45224
CALLAHAN,TXQ,45230
CAMERON,TX,45240
CAMP,TXQ,45250
CARSON,TXQ,45251
CASS,TXQ,45260
CASTRO,TXQ,45270
CHAMBERS,TXQ,45280
CHEROKEE,TXQ,45281
CHILDRESS,TXQ,45290
CLAY,TXQ,45291
COCHRAN,TXQ,45292
COKE,TXQ,45300
COLEMAN,TXQ,45301
COLLIN,TX,45310
COLLINGSWORTH,TXQ,45311
COLORADO,TXQ,45312
COMAL,TX,45320
COMANCHE,TXQ,45321
CONCHO,TX,45330
COOKE,TXQ,45340
CORYELL,TX,45341
COTTLE,TXQ,45350
CRANE,TXQ,45360
CROCKETT,TXQ,45361
CROSBY,TXQ,45362
CULBERSON,TXQ,45370
DALLAM,TXQ,45380
DALLAS,TX,45390
DAWSON,TXQ,45391
DEAF SMITH,TXQ,45392
DELTA,TX,45400
DENTON,TX,45410
DE WITT,TXQ,45420
DICKENS,TXQ,45421
DIMMIT,TXQ,45430
DONLEY,TXQ,45431
DUVAL,TXQ,45440
EASTLAND,TXQ,45450
ECTOR,TX,45451
EDWARDS,TXQ,45460
ELLIS,TX,45470
EL PASO,TX,45480
ERATH,TXQ,45490
FALLS,TXQ,45500
FANNIN,TXQ,45510
FAYETTE,TXQ,45511
FISHER,TXQ,45520
FLOYD,TXQ,45521
FOARD,TX,45522
FORT BEND,TX,45530
FRANKLIN,TX,45531
FREESTONE,TXQ,45540
FRIO,TXQ,45541
GAINES,TXQ,45542
GALVESTON,TX,45550
GARZA,TXQ,45551
GILLESPIE,TX,45552
GLASSCOCK,TXQ,45560
GOLIAD,TXQ,45561
GONZALES,TXQ,45562
GRAY,TXQ,45563
GRAYSON,TX,45564
GREGG,TX,45570
GRIMES,TXQ,45580
GUADALUPE,TX,45581
HALE,TXQ,45582
HALL,TX,45583
HAMILTON,TX,45590
HANSFORD,TXQ,45591
HARDEMAN,TXQ,45592
HARDIN,TX,45600
HARRIS,TX,45610
HARRISON,TX,45620
HARTLEY,TX,45621
HASKELL,TXQ,45630
HAYS,TX,45631
HEMPHILL,TXQ,45632
HENDERSON,TXQ,45640
HIDALGO,TX,45650
HILL,TXQ,45651
HOCKLEY,TXQ,45652
HOOD,TXQ,45653
HOPKINS,TXQ,45654
HOUSTON,TXQ,45660
HOWARD,TXQ,45661
HUDSPETH,TXQ,45662
HUNT,TXQ,45670
HUTCHINSON,TXQ,45671
IRION,TXQ,45672
JACK,TXQ,45680
JACKSON,TXQ,45681
JASPER,TXQ,45690
JEFF DAVIS,TXQ,45691
JEFFERSON,TX,45700
JIM HOGG,TXQ,45710
JIM WELLS,TXQ,45711
JOHNSON,TX,45720
JONES,TXQ,45721
KARNES,TXQ,45722
KAUFMAN,TX,45730
KENDALL,TX,45731
KENEDY,TXQ,45732
KENT,TXQ,45733
KERR,TXQ,45734
KIMBLE,TXQ,45740
KING,TXQ,45741
KINNEY,TX,45742
KLEBERG,TXQ,45743
KNOX,TXQ,45744
LAMAR,TXQ,45750
LAMB,TXQ,45751
LAMPASAS,TX,45752
LA SALLE,TXQ,45753
LAVACA,TX,45754
LEE,TXQ,45755
LEON,TXQ,45756
LIBERTY,TX,45757
LIMESTONE,TXQ,45758
LIPSCOMB,TXQ,45759
LIVE OAK,TXQ,45760
LLANO,TX,45761
LOVING,TXQ,45762
LUBBOCK,TX,45770
LYNN,TXQ,45771
MC CULLOCH,TXQ,45772
MC LENNAN,TX,45780
MC MULLEN,TXQ,45781
MADISON,TXQ,45782
MARION,TXQ,45783
MARTIN,TXQ,45784
MASON,TX,45785
MATAGORDA,TXQ,45790
MAVERICK,TX,45791
MEDINA,TX,45792
MENARD,TX,45793
MIDLAND,TX,45794
MILAM,TXQ,45795
MILLS,TXQ,45796
MITCHELL,TXQ,45797
MONTAGUE,TXQ,45800
MONTGOMERY,TX,45801
MOORE,TXQ,45802
MORRIS,TXQ,45803
MOTLEY,TX,45804
NACOGDOCHES,TXQ,45810
NAVARRO,TXQ,45820
NEWTON,TXQ,45821
NOLAN,TXQ,45822
NUECES,TX,45830
OCHILTREE,TXQ,45831
OLDHAM,TXQ,45832
ORANGE,TX,45840
PALO PINTO,TXQ,45841
PANOLA,TXQ,45842
PARKER,TX,45843
PARMER,TXQ,45844
PECOS,TXQ,45845
POLK,TXQ,45850
POTTER,TX,45860
PRESIDIO,TXQ,45861
RAINS,TXQ,45870
RANDALL,TX,45871
REAGAN,TXQ,45872
REAL,TX,45873
RED RIVER,TX,45874
REEVES,TXQ,45875
REFUGIO,TXQ,45876
ROBERTS,TXQ,45877
ROBERTSON,TXQ,45878
ROCKWALL,TX,45879
RUNNELS,TXQ,45880
RUSK,TXQ,45881
SABINE,TXQ,45882
SAN AUGUSTINE,TXQ,45883
SAN JACINTO,TXQ,45884
SAN PATRICIO,TX,45885
SAN SABA,TX,45886
SCHLEICHER,TXQ,45887
SCURRY,TXQ,45888
SHACKELFORD,TXQ,45889
SHELBY,TXQ,45890
SHERMAN,TXQ,45891
SMITH,TX,45892
SOMERVELL,TXQ,45893
STARR,TX,45900
STEPHENS,TXQ,45901
STERLING,TXQ,45902
STONEWALL,TXQ,45903
SUTTON,TXQ,45904
SWISHER,TXQ,45905
TARRANT,TX,45910
TAYLOR,TX,45911
TERRELL,TXQ,45912
TERRY,TXQ,45913
THROCKMORTON,TXQ,45920
TITUS,TXQ,45921
TOM GREEN,TX,45930
TRAVIS,TX,45940
TRINITY,TXQ,45941
TYLER,TXQ,45942
UPSHUR,TXQ,45943
UPTON,TXQ,45944
UVALDE,TXQ,45945
VAL VERDE,TXQ,45946
VAN ZANDT,TXQ,45947
VICTORIA,TX,45948
WALKER,TXQ,45949
WALLER,TX,45950
WARD,TXQ,45951
WASHINGTON,TXQ,45952
WEBB,TX,45953
WHARTON,TXQ,45954
WHEELER,TXQ,45955
WICHITA,TX,45960
WILBARGER,TXQ,45961
WILLACY,TX,45962
WILLIAMSON,TX,45970
WILSON,TXQ,45971
WINKLER,TXQ,45972
WISE,TXQ,45973
WOOD,TXQ,45974
YOAKUM,TXQ,45980
YOUNG,TXQ,45981
ZAPATA,TXQ,45982
ZAVALA,TX,45983
STATEWIDE,TX,45999
BEAVER,UT,46000
BOX ELDER,UTQ,46010
CACHE,UT,46020
CARBON,UTQ,46030
DAGGETT,UT,46040
DAVIS,UT,46050
DUCHESNE,UTQ,46060
EMERY,UTQ,46070
GARFIELD,UT,46080
GRAND,UT,46090
IRON,UT,46100
JUAB,UT,46110
KANE,UT,46120
MILLARD,UT,46130
MORGAN,UT,46140
PIUTE,UT,46150
RICH,UT,46160
SALT LAKE,UT,46170
SAN JUAN,UTQ,46180
SANPETE,UT,46190
SEVIER,UT,46200
SUMMIT,UT,46210
TOOELE,UTQ,46220
UINTAH,UTQ,46230
UTAH,UT,46240
WASATCH,UT,46250
WASHINGTON,UT,46260
WAYNE,UT,46270
WEBER,UT,46280
STATEWIDE,UT,46999
ADDISON,VT,47000
BENNINGTON,VT,47010
CALEDONIA,VT,47020
CHITTENDEN,VT,47030
ESSEX,VT,47040
FRANKLIN,VT,47050
GRAND ISLE,VT,47060
LAMOILLE,VT,47070
ORANGE,VT,47080
ORLEANS,VT,47090
RUTLAND,VT,47100
WASHINGTON,VT,47110
WINDHAM,VT,47120
WINDSOR,VT,47130
STATEWIDE,VT,47999
ACCOMACK,VA,49000
ALBEMARLE,VA,49010
ALLEGHANY,VA,49020
AMELIA,VA,49030
AMHERST,VA,49040
APPOMATTOX,VA,49050
ARLINGTON,VA,49060
AUGUSTA,VAQ,49070
BATH,VAQ,49080
BEDFORD,VA,49090
BLAND,VA,49100
BOTETOURT,VA,49110
BRUNSWICK,VA,49120
BUCHANAN,VAQ,49130
BUCKINGHAM,VA,49140
CAMPBELL,VA,49150
CAROLINE,VA,49160
CARROLL,VA,49170
CHARLES CITY,VA,49180
CHARLOTTE,VA,49190
CHESTERFIELD,VA,49200
CLARKE,VAQ,49210
CRAIG,VA,49220
CULPEPER,VA,49230
CUMBERLAND,VA,49240
DICKENSON,VAQ,49250
DINWIDDIE,VA,49260
ESSEX,VA,49280
FAIRFAX,VA,49290
FAUQUIER,VAQ,49300
FLOYD,VA,49310
FLUVANNA,VA,49320
FRANKLIN,VA,49330
FREDERICK,VAQ,49340
GILES,VAQ,49350
GLOUCESTER,VA,49360
GOOCHLAND,VA,49370
GRAYSON,VA,49380
GREENE,VA,49390
GREENSVILLE,VAQ,49400
HALIFAX,VA,49410
HANOVER,VA,49420
HENRICO,VA,49430
HENRY,VAQ,49440
HIGHLAND,VA,49450
ISLE OF WIGHT,VAQ,49460
JAMES CITY,VA,49470
KING AND QUEEN,VA,49480
KING GEORGE,VAQ,49490
KING WILLIAM,VAQ,49500
LANCASTER,VA,49510
LEE,VA,49520
LOUDOUN,VAQ,49530
LOUISA,VAQ,49540
LUNENBURG,VA,49550
MADISON,VA,49560
MATHEWS,VA,49570
MECKLENBURG,VA,49580
MIDDLESEX,VA,49590
MONTGOMERY,VAQ,49600
NELSON,VA,49620
NEW KENT,VA,49621
NORTHAMPTON,VA,49650
NORTHUMBERLND,VA,49660
NOTTOWAY,VA,49670
ORANGE,VA,49680
PAGE,VA,49690
PATRICK,VA,49700
PITTSYLVANIA,VA,49710
POWHATAN,VA,49720
PRINCE EDWARD,VA,49730
PRINCE GEORGE,VA,49740
PRINCE WILLIAM,VA,49750
PULASKI,VA,49770
RAPPAHANNOCK,VA,49780
RICHMOND,VA,49790
ROANOKE,VA,49800
ROCKBRIDGE,VA,49810
ROCKINGHAM,VA,49820
RUSSELL,VAQ,49830
SCOTT,VA,49840
SHENANDOAH,VA,49850
SMYTH,VA,49860
SOUTHAMPTON,VA,49870
SPOTSYLVANIA,VA,49880
STAFFORD,VA,49890
SURRY,VAQ,49900
SUSSEX,VA,49910
TAZEWELL,VAQ,49920
WARREN,VA,49930
WASHINGTON,VA,49950
WESTMORELAND,VA,49960
WISE,VAQ,49970
WYTHE,VA,49980
YORK,VA,49981
ALEXANDRIA CITY,VA,49011
BEDFORD CITY,VA,49088
BRISTOL CITY,VA,49111
BUENA VISTA CITY,VAQ,49141
CHARLOTTESVILLE CITY,VA,49191
CHESAPEAKE CITY,VA,49194
CLIFTON FORGE CITY,VA,49211
COLONIAL HEIGHTS CITY,VA,49212
COVINGTON CITY,VAQ,49213
DANVILLE CITY,VA,49241
EMPORIA CITY,VA,49270
FAIRFAX CITY,VA,49288
FALLS CHURCH CITY,VA,49291
FRANKLIN CITY,VA,49328
FREDERICKSBURG CITY,VA,49342
GALAX CITY,VA,49343
HAMPTON CITY,VA,49411
HARRISONBURG CITY,VA,49421
HOPEWELL CITY,VA,49451
LEXINGTON CITY,VA,49522
LYNCHBURG CITY,VA,49551
MANASSAS CITY,VA,49563
MANASSAS PARK CITY,VA,49565
MARTINSVILLE CITY,VA,49561
NANSEMOND CITY,VA,49610
NEWPORT NEWS CITY,VA,49622
NORFOLK CITY,VA,49641
NORTON CITY,VAQ,49661
PETERSBURG CITY,VA,49701
POQUOSON,VA,49712
PORTSMOUTH CITY,VA,49711
RADFORD CITY,VAQ,49771
RICHMOND CITY,VA,49791
ROANOKE CITY,VA,49801
SALEM CITY,VA,49838
SOUTH BOSTON CITY,VA,49867
STAUNTON CITY,VA,49891
SUFFOLK CITY,VA,49892
VIRGINIA BEACH CITY,VA,49921
WAYNESBORO CITY,VAQ,49951
WILLIAMSBURG CITY,VA,49961
WINCHESTER CITY,VAQ,49962
STATEWIDE,VA,49999
ADAMS,WAQ,50000
ASOTIN,WA,50010
BENTON,WA,50020
CHELAN,WAQ,50030
CLALLAM,WAQ,50040
CLARK,WA,50050
COLUMBIA,WA,50060
COWLITZ,WAQ,50070
DOUGLAS,WA,50080
FERRY,WAQ,50090
FRANKLIN,WA,50100
GARFIELD,WA,50110
GRANT,WAQ,50120
GRAYS HARBOR,WAQ,50130
ISLAND,WAQ,50140
JEFFERSON,WAQ,50150
KING,WA,50160
KITSAP,WA,50170
KITTITAS,WAQ,50180
KLICKITAT,WAQ,50190
LEWIS,WAQ,50200
LINCOLN,WA,50210
MASON,WAQ,50220
OKANOGAN,WA,50230
PACIFIC,WAQ,50240
PEND OREILLE,WAQ,50250
PIERCE,WA,50260
SAN JUAN,WA,50270
SKAGIT,WAQ,50280
SKAMANIA,WAQ,50290
SNOHOMISH,WA,50300
SPOKANE,WA,50310
STEVENS,WAQ,50320
THURSTON,WA,50330
WAHKIAKUM,WAQ,50340
WALLA WALLA,WAQ,50350
WHATCOM,WA,50360
WHITMAN,WAQ,50370
YAKIMA,WA,50380
STATEWIDE,WA,50999
BARBOUR,WVQ,51000
BERKELEY,WV,51010
BOONE,WVQ,51020
BRAXTON,WV,51030
BROOKE,WV,51040
CABELL,WV,51050
CALHOUN,WV,51060
CLAY,WVQ,51070
DODDRIDGE,WV,51080
FAYETTE,WV,51090
GILMER,WV,51100
GRANT,WVQ,51110
GREENBRIER,WV,51120
HAMPSHIRE,WV,51130
HANCOCK,WV,51140
HARDY,WV,51150
HARRISON,WVQ,51160
JACKSON,WVQ,51170
JEFFERSON,WV,51180
KANAWHA,WV,51190
LEWIS,WV,51200
LINCOLN,WV,51210
LOGAN,WVQ,51220
MC DOWELL,WVQ,51230
MARION,WVQ,51240
MARSHALL,WV,51250
MASON,WVQ,51260
MERCER,WV,51270
MINERAL,WV,51280
MINGO,WVQ,51290
MONONGALIA,WVQ,51300
MONROE,WV,51310
MORGAN,WV,51320
NICHOLAS,WVQ,51330
OHIO,WV,51340
PENDLETON,WV,51350
PLEASANTS,WVQ,51360
POCAHONTAS,WV,51370
PRESTON,WV,51380
PUTNAM,WV,51390
RALEIGH,WVQ,51400
RANDOLPH,WV,51410
RITCHIE,WV,51420
ROANE,WV,51430
SUMMERS,WV,51440
TAYLOR,WV,51450
TUCKER,WV,51460
TYLER,WVQ,51470
UPSHUR,WV,51480
WAYNE,WV,51490
WEBSTER,WV,51500
WETZEL,WV,51510
WIRT,WV,51520
WOOD,WV,51530
WYOMING,WVQ,51540
STATEWIDE,WV,51999
ADAMS,WI,52000
ASHLAND,WI,52010
BARRON,WI,52020
BAYFIELD,WI,52030
BROWN,WI,52040
BUFFALO,WI,52050
BURNETT,WI,52060
CALUMET,WI,52070
CHIPPEWA,WI,52080
CLARK,WI,52090
COLUMBIA,WI,52100
CRAWFORD,WI,52110
DANE,WI,52120
DODGE,WIQ,52130
DOOR,WI,52140
DOUGLAS,WI,52150
DUNN,WI,52160
EAU CLAIRE,WI,52170
FLORENCE,WI,52180
FOND DU LAC,WI,52190
FOREST,WI,52200
GRANT,WI,52210
GREEN,WI,52220
GREEN LAKE,WI,52230
IOWA,WI,52240
IRON,WI,52250
JACKSON,WI,52260
JEFFERSON,WI,52270
JUNEAU,WI,52280
KENOSHA,WI,52290
KEWAUNEE,WI,52300
LA CROSSE,WI,52310
LAFAYETTE,WI,52320
LANGLADE,WI,52330
LINCOLN,WI,52340
MANITOWOC,WI,52350
MARATHON,WI,52360
MARINETTE,WIQ,52370
MARQUETTE,WI,52380
MENOMONEE,WI,52381
MILWAUKEE,WI,52390
MONROE,WI,52400
OCONTO,WI,52410
ONEIDA,WI,52420
OUTAGAMIE,WI,52430
OZAUKEE,WI,52440
PEPIN,WI,52450
PIERCE,WI,52460
POLK,WI,52470
PORTAGE,WIQ,52480
PRICE,WI,52490
RACINE,WI,52500
RICHLAND,WI,52510
ROCK,WI,52520
RUSK,WI,52530
ST. CROIX,WI,52540
SAUK,WI,52550
SAWYER,WI,52560
SHAWANO,WI,52570
SHEBOYGAN,WI,52580
TAYLOR,WI,52590
TREMPEALEAU,WI,52600
VERNON,WI,52610
VILAS,WI,52620
WALWORTH,WI,52630
WASHBURN,WI,52640
WASHINGTON,WI,52650
WAUKESHA,WI,52660
WAUPACA,WI,52670
WAUSHARA,WI,52680
WINNEBAGO,WI,52690
WOOD,WIQ,52700
STATEWIDE,WI,52999
ALBANY,WY,53000
BIG HORN,WY,53010
CAMPBELL,WYQ,53020
CARBON,WY,53030
CONVERSE,WY,53040
CROOK,WY,53050
FREMONT,WY,53060
GOSHEN,WY,53070
HOT SPRINGS,WY,53080
JOHNSON,WY,53090
LARAMIE,WY,53100
LINCOLN,WY,53110
NATRONA,WY,53120
NIOBRARA,WY,53130
PARK,WY,53140
PLATTE,WY,53150
SHERIDAN,WY,53160
SUBLETTE,WY,53170
SWEETWATER,WYQ,53180
TETON,WY,53190
UINTA,WYQ,53200
WASHAKIE,WY,53210
WESTON,WY,53220
STATEWIDE,WY,53999
